-- -------------------------------------------------------------
-- TablePlus 6.6.8(632)
--
-- https://tableplus.com/
--
-- Database: vienhance-studio
-- Generation Time: 2025-08-24 17:30:52.0390
-- -------------------------------------------------------------


/*!40101 SET @OLD_CHARACTER_SET_CLIENT=@@CHARACTER_SET_CLIENT */;
/*!40101 SET @OLD_CHARACTER_SET_RESULTS=@@CHARACTER_SET_RESULTS */;
/*!40101 SET @OLD_COLLATION_CONNECTION=@@COLLATION_CONNECTION */;
/*!40101 SET NAMES utf8mb4 */;
/*!40014 SET @OLD_UNIQUE_CHECKS=@@UNIQUE_CHECKS, UNIQUE_CHECKS=0 */;
/*!40014 SET @OLD_FOREIGN_KEY_CHECKS=@@FOREIGN_KEY_CHECKS, FOREIGN_KEY_CHECKS=0 */;
/*!40101 SET @OLD_SQL_MODE=@@SQL_MODE, SQL_MODE='NO_AUTO_VALUE_ON_ZERO' */;
/*!40111 SET @OLD_SQL_NOTES=@@SQL_NOTES, SQL_NOTES=0 */;


DROP TABLE IF EXISTS `cache`;
CREATE TABLE `cache` (
  `key` varchar(255) CHARACTER SET utf8mb4 COLLATE utf8mb4_unicode_ci NOT NULL,
  `value` mediumtext CHARACTER SET utf8mb4 COLLATE utf8mb4_unicode_ci NOT NULL,
  `expiration` int NOT NULL,
  PRIMARY KEY (`key`)
) ENGINE=InnoDB DEFAULT CHARSET=utf8mb4 COLLATE=utf8mb4_unicode_ci;

DROP TABLE IF EXISTS `cache_locks`;
CREATE TABLE `cache_locks` (
  `key` varchar(255) CHARACTER SET utf8mb4 COLLATE utf8mb4_unicode_ci NOT NULL,
  `owner` varchar(255) CHARACTER SET utf8mb4 COLLATE utf8mb4_unicode_ci NOT NULL,
  `expiration` int NOT NULL,
  PRIMARY KEY (`key`)
) ENGINE=InnoDB DEFAULT CHARSET=utf8mb4 COLLATE=utf8mb4_unicode_ci;

DROP TABLE IF EXISTS `contacts`;
CREATE TABLE `contacts` (
  `id` bigint unsigned NOT NULL AUTO_INCREMENT,
  `fname` varchar(255) COLLATE utf8mb4_unicode_ci NOT NULL,
  `lname` varchar(255) COLLATE utf8mb4_unicode_ci NOT NULL,
  `email` varchar(255) COLLATE utf8mb4_unicode_ci NOT NULL,
  `phone` varchar(255) COLLATE utf8mb4_unicode_ci NOT NULL,
  `message` text COLLATE utf8mb4_unicode_ci NOT NULL,
  `ip_address` varchar(255) COLLATE utf8mb4_unicode_ci DEFAULT NULL,
  `location_data` json DEFAULT NULL,
  `is_read` tinyint(1) NOT NULL DEFAULT '0',
  `created_at` timestamp NULL DEFAULT NULL,
  `updated_at` timestamp NULL DEFAULT NULL,
  `deleted_at` timestamp NULL DEFAULT NULL,
  PRIMARY KEY (`id`)
) ENGINE=InnoDB DEFAULT CHARSET=utf8mb4 COLLATE=utf8mb4_unicode_ci;

DROP TABLE IF EXISTS `failed_jobs`;
CREATE TABLE `failed_jobs` (
  `id` bigint unsigned NOT NULL AUTO_INCREMENT,
  `uuid` varchar(255) CHARACTER SET utf8mb4 COLLATE utf8mb4_unicode_ci NOT NULL,
  `connection` text CHARACTER SET utf8mb4 COLLATE utf8mb4_unicode_ci NOT NULL,
  `queue` text CHARACTER SET utf8mb4 COLLATE utf8mb4_unicode_ci NOT NULL,
  `payload` longtext CHARACTER SET utf8mb4 COLLATE utf8mb4_unicode_ci NOT NULL,
  `exception` longtext CHARACTER SET utf8mb4 COLLATE utf8mb4_unicode_ci NOT NULL,
  `failed_at` timestamp NOT NULL DEFAULT CURRENT_TIMESTAMP,
  PRIMARY KEY (`id`),
  UNIQUE KEY `failed_jobs_uuid_unique` (`uuid`)
) ENGINE=InnoDB DEFAULT CHARSET=utf8mb4 COLLATE=utf8mb4_unicode_ci;

DROP TABLE IF EXISTS `job_batches`;
CREATE TABLE `job_batches` (
  `id` varchar(255) CHARACTER SET utf8mb4 COLLATE utf8mb4_unicode_ci NOT NULL,
  `name` varchar(255) CHARACTER SET utf8mb4 COLLATE utf8mb4_unicode_ci NOT NULL,
  `total_jobs` int NOT NULL,
  `pending_jobs` int NOT NULL,
  `failed_jobs` int NOT NULL,
  `failed_job_ids` longtext CHARACTER SET utf8mb4 COLLATE utf8mb4_unicode_ci NOT NULL,
  `options` mediumtext CHARACTER SET utf8mb4 COLLATE utf8mb4_unicode_ci,
  `cancelled_at` int DEFAULT NULL,
  `created_at` int NOT NULL,
  `finished_at` int DEFAULT NULL,
  PRIMARY KEY (`id`)
) ENGINE=InnoDB DEFAULT CHARSET=utf8mb4 COLLATE=utf8mb4_unicode_ci;

DROP TABLE IF EXISTS `jobs`;
CREATE TABLE `jobs` (
  `id` bigint unsigned NOT NULL AUTO_INCREMENT,
  `queue` varchar(255) CHARACTER SET utf8mb4 COLLATE utf8mb4_unicode_ci NOT NULL,
  `payload` longtext CHARACTER SET utf8mb4 COLLATE utf8mb4_unicode_ci NOT NULL,
  `attempts` tinyint unsigned NOT NULL,
  `reserved_at` int unsigned DEFAULT NULL,
  `available_at` int unsigned NOT NULL,
  `created_at` int unsigned NOT NULL,
  PRIMARY KEY (`id`),
  KEY `jobs_queue_index` (`queue`)
) ENGINE=InnoDB DEFAULT CHARSET=utf8mb4 COLLATE=utf8mb4_unicode_ci;

DROP TABLE IF EXISTS `migrations`;
CREATE TABLE `migrations` (
  `id` int unsigned NOT NULL AUTO_INCREMENT,
  `migration` varchar(255) CHARACTER SET utf8mb4 COLLATE utf8mb4_unicode_ci NOT NULL,
  `batch` int NOT NULL,
  PRIMARY KEY (`id`)
) ENGINE=InnoDB AUTO_INCREMENT=13 DEFAULT CHARSET=utf8mb4 COLLATE=utf8mb4_unicode_ci;

DROP TABLE IF EXISTS `password_reset_tokens`;
CREATE TABLE `password_reset_tokens` (
  `email` varchar(255) CHARACTER SET utf8mb4 COLLATE utf8mb4_unicode_ci NOT NULL,
  `token` varchar(255) CHARACTER SET utf8mb4 COLLATE utf8mb4_unicode_ci NOT NULL,
  `created_at` timestamp NULL DEFAULT NULL,
  PRIMARY KEY (`email`)
) ENGINE=InnoDB DEFAULT CHARSET=utf8mb4 COLLATE=utf8mb4_unicode_ci;

DROP TABLE IF EXISTS `portfolio_galleries`;
CREATE TABLE `portfolio_galleries` (
  `id` bigint unsigned NOT NULL AUTO_INCREMENT,
  `portfolio_id` bigint unsigned NOT NULL,
  `image` varchar(255) CHARACTER SET utf8mb4 COLLATE utf8mb4_unicode_ci NOT NULL,
  `alt_text` varchar(255) CHARACTER SET utf8mb4 COLLATE utf8mb4_unicode_ci DEFAULT NULL,
  `caption` varchar(255) CHARACTER SET utf8mb4 COLLATE utf8mb4_unicode_ci DEFAULT NULL,
  `sort_order` int NOT NULL DEFAULT '0',
  `deleted_at` timestamp NULL DEFAULT NULL,
  `created_at` timestamp NULL DEFAULT NULL,
  `updated_at` timestamp NULL DEFAULT NULL,
  PRIMARY KEY (`id`),
  KEY `portfolio_galleries_portfolio_id_foreign` (`portfolio_id`),
  CONSTRAINT `portfolio_galleries_portfolio_id_foreign` FOREIGN KEY (`portfolio_id`) REFERENCES `portfolios` (`id`) ON DELETE CASCADE
) ENGINE=InnoDB AUTO_INCREMENT=72 DEFAULT CHARSET=utf8mb4 COLLATE=utf8mb4_unicode_ci;

DROP TABLE IF EXISTS `portfolios`;
CREATE TABLE `portfolios` (
  `id` bigint unsigned NOT NULL AUTO_INCREMENT,
  `title` varchar(255) CHARACTER SET utf8mb4 COLLATE utf8mb4_unicode_ci NOT NULL,
  `client` varchar(255) CHARACTER SET utf8mb4 COLLATE utf8mb4_unicode_ci NOT NULL,
  `industry` varchar(255) CHARACTER SET utf8mb4 COLLATE utf8mb4_unicode_ci NOT NULL,
  `overview` text CHARACTER SET utf8mb4 COLLATE utf8mb4_unicode_ci NOT NULL,
  `about_project` text CHARACTER SET utf8mb4 COLLATE utf8mb4_unicode_ci NOT NULL,
  `image` varchar(255) CHARACTER SET utf8mb4 COLLATE utf8mb4_unicode_ci NOT NULL,
  `slug` varchar(255) CHARACTER SET utf8mb4 COLLATE utf8mb4_unicode_ci NOT NULL,
  `short_description` text CHARACTER SET utf8mb4 COLLATE utf8mb4_unicode_ci NOT NULL,
  `testimonial` text CHARACTER SET utf8mb4 COLLATE utf8mb4_unicode_ci,
  `meta_title` varchar(255) CHARACTER SET utf8mb4 COLLATE utf8mb4_unicode_ci DEFAULT NULL,
  `meta_description` text CHARACTER SET utf8mb4 COLLATE utf8mb4_unicode_ci,
  `meta_keywords` text CHARACTER SET utf8mb4 COLLATE utf8mb4_unicode_ci,
  `og_title` varchar(255) CHARACTER SET utf8mb4 COLLATE utf8mb4_unicode_ci DEFAULT NULL,
  `og_description` text CHARACTER SET utf8mb4 COLLATE utf8mb4_unicode_ci,
  `og_image` varchar(255) CHARACTER SET utf8mb4 COLLATE utf8mb4_unicode_ci DEFAULT NULL,
  `og_type` varchar(255) CHARACTER SET utf8mb4 COLLATE utf8mb4_unicode_ci DEFAULT NULL,
  `og_url` varchar(255) CHARACTER SET utf8mb4 COLLATE utf8mb4_unicode_ci DEFAULT NULL,
  `og_site_name` varchar(255) CHARACTER SET utf8mb4 COLLATE utf8mb4_unicode_ci DEFAULT NULL,
  `twitter_card` varchar(255) CHARACTER SET utf8mb4 COLLATE utf8mb4_unicode_ci DEFAULT NULL,
  `twitter_title` varchar(255) CHARACTER SET utf8mb4 COLLATE utf8mb4_unicode_ci DEFAULT NULL,
  `twitter_description` text CHARACTER SET utf8mb4 COLLATE utf8mb4_unicode_ci,
  `twitter_image` varchar(255) CHARACTER SET utf8mb4 COLLATE utf8mb4_unicode_ci DEFAULT NULL,
  `twitter_site` varchar(255) CHARACTER SET utf8mb4 COLLATE utf8mb4_unicode_ci DEFAULT NULL,
  `twitter_creator` varchar(255) CHARACTER SET utf8mb4 COLLATE utf8mb4_unicode_ci DEFAULT NULL,
  `canonical_url` varchar(255) CHARACTER SET utf8mb4 COLLATE utf8mb4_unicode_ci DEFAULT NULL,
  `schema_markup` json DEFAULT NULL,
  `priority` decimal(3,2) DEFAULT NULL,
  `change_frequency` varchar(255) CHARACTER SET utf8mb4 COLLATE utf8mb4_unicode_ci DEFAULT NULL,
  `status` enum('live','in-development','recurring') CHARACTER SET utf8mb4 COLLATE utf8mb4_unicode_ci NOT NULL DEFAULT 'in-development',
  `deleted_at` timestamp NULL DEFAULT NULL,
  `created_at` timestamp NULL DEFAULT NULL,
  `updated_at` timestamp NULL DEFAULT NULL,
  PRIMARY KEY (`id`),
  UNIQUE KEY `portfolios_slug_unique` (`slug`)
) ENGINE=InnoDB AUTO_INCREMENT=9 DEFAULT CHARSET=utf8mb4 COLLATE=utf8mb4_unicode_ci;

DROP TABLE IF EXISTS `service_descriptions`;
CREATE TABLE `service_descriptions` (
  `id` bigint unsigned NOT NULL AUTO_INCREMENT,
  `service_id` bigint unsigned NOT NULL,
  `section_1` text CHARACTER SET utf8mb4 COLLATE utf8mb4_unicode_ci NOT NULL,
  `section_2` text CHARACTER SET utf8mb4 COLLATE utf8mb4_unicode_ci NOT NULL,
  `section_3` text CHARACTER SET utf8mb4 COLLATE utf8mb4_unicode_ci NOT NULL,
  `benefits` json NOT NULL,
  `process` json NOT NULL,
  `faqs` json NOT NULL,
  `created_at` timestamp NULL DEFAULT NULL,
  `updated_at` timestamp NULL DEFAULT NULL,
  `deleted_at` timestamp NULL DEFAULT NULL,
  PRIMARY KEY (`id`),
  KEY `service_descriptions_service_id_index` (`service_id`),
  CONSTRAINT `service_descriptions_service_id_foreign` FOREIGN KEY (`service_id`) REFERENCES `services` (`id`) ON DELETE CASCADE
) ENGINE=InnoDB AUTO_INCREMENT=6 DEFAULT CHARSET=utf8mb4 COLLATE=utf8mb4_unicode_ci;

DROP TABLE IF EXISTS `services`;
CREATE TABLE `services` (
  `id` bigint unsigned NOT NULL AUTO_INCREMENT,
  `title` varchar(255) CHARACTER SET utf8mb4 COLLATE utf8mb4_unicode_ci NOT NULL,
  `slug` varchar(255) CHARACTER SET utf8mb4 COLLATE utf8mb4_unicode_ci NOT NULL,
  `description` text CHARACTER SET utf8mb4 COLLATE utf8mb4_unicode_ci NOT NULL,
  `image` varchar(255) CHARACTER SET utf8mb4 COLLATE utf8mb4_unicode_ci NOT NULL,
  `link` varchar(255) CHARACTER SET utf8mb4 COLLATE utf8mb4_unicode_ci NOT NULL,
  `delay` varchar(255) CHARACTER SET utf8mb4 COLLATE utf8mb4_unicode_ci NOT NULL DEFAULT '0s',
  `is_active` tinyint(1) NOT NULL DEFAULT '1',
  `sort_order` int NOT NULL DEFAULT '0',
  `created_at` timestamp NULL DEFAULT NULL,
  `updated_at` timestamp NULL DEFAULT NULL,
  `deleted_at` timestamp NULL DEFAULT NULL,
  PRIMARY KEY (`id`),
  UNIQUE KEY `services_slug_unique` (`slug`),
  KEY `services_is_active_index` (`is_active`),
  KEY `services_sort_order_index` (`sort_order`),
  KEY `services_is_active_sort_order_index` (`is_active`,`sort_order`)
) ENGINE=InnoDB AUTO_INCREMENT=6 DEFAULT CHARSET=utf8mb4 COLLATE=utf8mb4_unicode_ci;

DROP TABLE IF EXISTS `sessions`;
CREATE TABLE `sessions` (
  `id` varchar(255) CHARACTER SET utf8mb4 COLLATE utf8mb4_unicode_ci NOT NULL,
  `user_id` bigint unsigned DEFAULT NULL,
  `ip_address` varchar(45) CHARACTER SET utf8mb4 COLLATE utf8mb4_unicode_ci DEFAULT NULL,
  `user_agent` text CHARACTER SET utf8mb4 COLLATE utf8mb4_unicode_ci,
  `payload` longtext CHARACTER SET utf8mb4 COLLATE utf8mb4_unicode_ci NOT NULL,
  `last_activity` int NOT NULL,
  PRIMARY KEY (`id`),
  KEY `sessions_user_id_index` (`user_id`),
  KEY `sessions_last_activity_index` (`last_activity`)
) ENGINE=InnoDB DEFAULT CHARSET=utf8mb4 COLLATE=utf8mb4_unicode_ci;

DROP TABLE IF EXISTS `static_pages`;
CREATE TABLE `static_pages` (
  `id` bigint unsigned NOT NULL AUTO_INCREMENT,
  `page_name` varchar(255) CHARACTER SET utf8mb4 COLLATE utf8mb4_unicode_ci NOT NULL,
  `route_name` varchar(255) CHARACTER SET utf8mb4 COLLATE utf8mb4_unicode_ci NOT NULL,
  `title` varchar(255) CHARACTER SET utf8mb4 COLLATE utf8mb4_unicode_ci DEFAULT NULL,
  `meta_description` text CHARACTER SET utf8mb4 COLLATE utf8mb4_unicode_ci,
  `meta_keywords` text CHARACTER SET utf8mb4 COLLATE utf8mb4_unicode_ci,
  `og_title` varchar(255) CHARACTER SET utf8mb4 COLLATE utf8mb4_unicode_ci DEFAULT NULL,
  `og_description` text CHARACTER SET utf8mb4 COLLATE utf8mb4_unicode_ci,
  `og_image` varchar(255) CHARACTER SET utf8mb4 COLLATE utf8mb4_unicode_ci DEFAULT NULL,
  `og_type` varchar(255) CHARACTER SET utf8mb4 COLLATE utf8mb4_unicode_ci NOT NULL DEFAULT 'website',
  `og_url` varchar(255) CHARACTER SET utf8mb4 COLLATE utf8mb4_unicode_ci DEFAULT NULL,
  `og_site_name` varchar(255) CHARACTER SET utf8mb4 COLLATE utf8mb4_unicode_ci DEFAULT NULL,
  `twitter_card` varchar(255) CHARACTER SET utf8mb4 COLLATE utf8mb4_unicode_ci NOT NULL DEFAULT 'summary_large_image',
  `twitter_title` varchar(255) CHARACTER SET utf8mb4 COLLATE utf8mb4_unicode_ci DEFAULT NULL,
  `twitter_description` text CHARACTER SET utf8mb4 COLLATE utf8mb4_unicode_ci,
  `twitter_image` varchar(255) CHARACTER SET utf8mb4 COLLATE utf8mb4_unicode_ci DEFAULT NULL,
  `twitter_site` varchar(255) CHARACTER SET utf8mb4 COLLATE utf8mb4_unicode_ci DEFAULT NULL,
  `twitter_creator` varchar(255) CHARACTER SET utf8mb4 COLLATE utf8mb4_unicode_ci DEFAULT NULL,
  `canonical_url` varchar(255) CHARACTER SET utf8mb4 COLLATE utf8mb4_unicode_ci DEFAULT NULL,
  `schema_markup` text CHARACTER SET utf8mb4 COLLATE utf8mb4_unicode_ci,
  `is_active` tinyint(1) NOT NULL DEFAULT '1',
  `priority` int NOT NULL DEFAULT '0',
  `change_frequency` varchar(255) CHARACTER SET utf8mb4 COLLATE utf8mb4_unicode_ci NOT NULL DEFAULT 'weekly',
  `created_at` timestamp NULL DEFAULT NULL,
  `updated_at` timestamp NULL DEFAULT NULL,
  PRIMARY KEY (`id`),
  UNIQUE KEY `static_pages_page_name_unique` (`page_name`),
  UNIQUE KEY `static_pages_route_name_unique` (`route_name`),
  KEY `static_pages_page_name_is_active_index` (`page_name`,`is_active`),
  KEY `static_pages_route_name_is_active_index` (`route_name`,`is_active`)
) ENGINE=InnoDB AUTO_INCREMENT=6 DEFAULT CHARSET=utf8mb4 COLLATE=utf8mb4_unicode_ci;

DROP TABLE IF EXISTS `users`;
CREATE TABLE `users` (
  `id` bigint unsigned NOT NULL AUTO_INCREMENT,
  `name` varchar(255) CHARACTER SET utf8mb4 COLLATE utf8mb4_unicode_ci NOT NULL,
  `email` varchar(255) CHARACTER SET utf8mb4 COLLATE utf8mb4_unicode_ci NOT NULL,
  `email_verified_at` timestamp NULL DEFAULT NULL,
  `password` varchar(255) CHARACTER SET utf8mb4 COLLATE utf8mb4_unicode_ci NOT NULL,
  `remember_token` varchar(100) CHARACTER SET utf8mb4 COLLATE utf8mb4_unicode_ci DEFAULT NULL,
  `created_at` timestamp NULL DEFAULT NULL,
  `updated_at` timestamp NULL DEFAULT NULL,
  PRIMARY KEY (`id`),
  UNIQUE KEY `users_email_unique` (`email`)
) ENGINE=InnoDB AUTO_INCREMENT=4 DEFAULT CHARSET=utf8mb4 COLLATE=utf8mb4_unicode_ci;

INSERT INTO `cache` (`key`, `value`, `expiration`) VALUES
('77de68daecd823babbb58edb1c8e14d7106e83bb', 'i:6;', 1756032653),
('77de68daecd823babbb58edb1c8e14d7106e83bb:timer', 'i:1756032653;', 1756032653);

INSERT INTO `migrations` (`id`, `migration`, `batch`) VALUES
(1, '0001_01_01_000000_create_users_table', 1),
(2, '0001_01_01_000001_create_cache_table', 1),
(3, '0001_01_01_000002_create_jobs_table', 1),
(4, '2025_08_17_144932_create_services_table', 2),
(5, '2025_08_17_144941_create_service_descriptions_table', 2),
(6, '2025_08_17_150707_add_soft_deletes_and_indexes_to_services_tables', 3),
(7, '2025_08_17_165909_create_static_pages_table', 4),
(8, '2025_08_17_184959_create_portfolios_table', 5),
(10, '2025_08_17_185008_create_portfolio_galleries_table', 6),
(11, '2025_08_20_184522_create_contacts_table', 7),
(12, '2025_08_20_190726_add_location_data_to_contacts_table', 7);

INSERT INTO `portfolio_galleries` (`id`, `portfolio_id`, `image`, `alt_text`, `caption`, `sort_order`, `deleted_at`, `created_at`, `updated_at`) VALUES
(1, 1, 'uploads/portfolio-gallery/01K2Z46VVHTK9456QAKDC0JBQ1.png', 'Stellar Tech Solutions Homepage', 'Homepage Design', 1, NULL, '2025-08-17 18:59:37', '2025-08-18 17:39:07'),
(2, 1, 'post-4.jpg', 'Stellar Tech Solutions Dashboard', 'Dashboard Interface', 2, NULL, '2025-08-17 18:59:37', '2025-08-17 18:59:37'),
(3, 1, 'post-4.jpg', 'Stellar Tech Solutions Mobile', 'Mobile Responsive Design', 3, NULL, '2025-08-17 18:59:37', '2025-08-17 18:59:37'),
(4, 1, 'post-4.jpg', 'Stellar Tech Solutions Admin', 'Admin Panel', 4, NULL, '2025-08-17 18:59:37', '2025-08-17 18:59:37'),
(5, 1, 'post-4.jpg', 'Stellar Tech Solutions Analytics', 'Analytics Dashboard', 5, NULL, '2025-08-17 18:59:37', '2025-08-17 18:59:37'),
(6, 1, 'post-4.jpg', 'Stellar Tech Solutions Features', 'Key Features', 6, NULL, '2025-08-17 18:59:37', '2025-08-17 18:59:37'),
(7, 1, 'post-4.jpg', 'Stellar Tech Solutions Integration', 'System Integration', 7, NULL, '2025-08-17 18:59:37', '2025-08-17 18:59:37'),
(8, 1, 'post-4.jpg', 'Stellar Tech Solutions Final', 'Final Implementation', 8, NULL, '2025-08-17 18:59:37', '2025-08-17 18:59:37'),
(9, 2, 'post-4.jpg', 'Green Wave Foods Homepage', 'Homepage Design', 1, NULL, '2025-08-17 18:59:37', '2025-08-17 18:59:37'),
(10, 2, 'post-4.jpg', 'Green Wave Foods Products', 'Product Catalog', 2, NULL, '2025-08-17 18:59:37', '2025-08-17 18:59:37'),
(11, 2, 'post-4.jpg', 'Green Wave Foods Cart', 'Shopping Cart', 3, NULL, '2025-08-17 18:59:37', '2025-08-17 18:59:37'),
(12, 2, 'post-4.jpg', 'Green Wave Foods Checkout', 'Checkout Process', 4, NULL, '2025-08-17 18:59:37', '2025-08-17 18:59:37'),
(13, 2, 'post-4.jpg', 'Green Wave Foods Mobile', 'Mobile Experience', 5, NULL, '2025-08-17 18:59:37', '2025-08-17 18:59:37'),
(14, 2, 'post-4.jpg', 'Green Wave Foods Admin', 'Admin Dashboard', 6, NULL, '2025-08-17 18:59:37', '2025-08-17 18:59:37'),
(15, 2, 'post-4.jpg', 'Green Wave Foods Analytics', 'Sales Analytics', 7, NULL, '2025-08-17 18:59:37', '2025-08-17 18:59:37'),
(16, 2, 'post-4.jpg', 'Green Wave Foods Final', 'Final Platform', 8, NULL, '2025-08-17 18:59:37', '2025-08-17 18:59:37'),
(17, 3, 'post-4.jpg', 'Horizon Real Estate Logo', 'Logo Design', 1, NULL, '2025-08-17 18:59:37', '2025-08-17 18:59:37'),
(18, 3, 'post-4.jpg', 'Horizon Real Estate Brand', 'Brand Guidelines', 2, NULL, '2025-08-17 18:59:37', '2025-08-17 18:59:37'),
(19, 3, 'post-4.jpg', 'Horizon Real Estate Business Cards', 'Business Cards', 3, NULL, '2025-08-17 18:59:37', '2025-08-17 18:59:37'),
(20, 3, 'post-4.jpg', 'Horizon Real Estate Brochures', 'Marketing Brochures', 4, NULL, '2025-08-17 18:59:37', '2025-08-17 18:59:37'),
(21, 3, 'post-4.jpg', 'Horizon Real Estate Website', 'Website Design', 5, NULL, '2025-08-17 18:59:37', '2025-08-17 18:59:37'),
(22, 3, 'post-4.jpg', 'Horizon Real Estate Social Media', 'Social Media Assets', 6, NULL, '2025-08-17 18:59:37', '2025-08-17 18:59:37'),
(23, 3, 'post-4.jpg', 'Horizon Real Estate Signage', 'Office Signage', 7, NULL, '2025-08-17 18:59:37', '2025-08-17 18:59:37'),
(24, 3, 'post-4.jpg', 'Horizon Real Estate Final', 'Final Brand Package', 8, NULL, '2025-08-17 18:59:37', '2025-08-17 18:59:37'),
(25, 4, 'uploads/portfolio-gallery/01K2Z4SDK50H1JAWY140MKEZR4.png', 'Hylnfluencer', NULL, 0, NULL, '2025-08-18 17:49:15', '2025-08-18 17:49:15'),
(26, 4, 'uploads/portfolio-gallery/01K2Z4STY9FBBKBXY1PAPPE5PE.png', 'Hylnfluencer', NULL, 1, NULL, '2025-08-18 17:49:28', '2025-08-18 17:49:28'),
(27, 4, 'uploads/portfolio-gallery/01K2Z4T78Y8G9DEX20456DWN7Z.png', 'Hylnfluencer', NULL, 3, NULL, '2025-08-18 17:49:41', '2025-08-18 17:49:41'),
(28, 4, 'uploads/portfolio-gallery/01K2Z4TJF93SPJ14QTPME23G22.png', 'Hylnfluencer', NULL, 4, NULL, '2025-08-18 17:49:53', '2025-08-18 17:50:47'),
(29, 4, 'uploads/portfolio-gallery/01K2Z4TY67Z32JQADQA1HMAWD1.png', 'Hylnfluencer', NULL, 5, NULL, '2025-08-18 17:50:05', '2025-08-18 17:50:05'),
(30, 4, 'uploads/portfolio-gallery/01K2Z4VBR9BGW28D6ZWYG3D4JY.png', 'Hylnfluencer', NULL, 6, NULL, '2025-08-18 17:50:18', '2025-08-18 17:50:18'),
(31, 5, 'uploads/portfolio-gallery/01K2Z5AS8T5RGDS88E2AZT2FCE.png', 'EV Charging Station App Design', 'EV Charging Station App Design', 0, NULL, '2025-08-18 17:58:44', '2025-08-18 17:58:44'),
(32, 5, 'uploads/portfolio-gallery/01K2Z5B7FD7FCRKC5ETPDD94TV.png', 'EV Charging Station App Design', 'EV Charging Station App Design', 2, NULL, '2025-08-18 17:58:58', '2025-08-18 17:58:58'),
(33, 5, 'uploads/portfolio-gallery/01K2Z5BHXPQTP36GDRH6N78PX6.png', 'EV Charging Station App Design', 'EV Charging Station App Design', 3, NULL, '2025-08-18 17:59:09', '2025-08-18 17:59:09'),
(34, 5, 'uploads/portfolio-gallery/01K2Z5C2QQ9WFE0KGKQAPGMXFF.png', 'EV Charging Station App Design', 'EV Charging Station App Design', 4, NULL, '2025-08-18 17:59:26', '2025-08-18 17:59:26'),
(35, 5, 'uploads/portfolio-gallery/01K2Z5CG6A9ACAX8JFRJS9B50C.png', 'EV Charging Station App Design', 'EV Charging Station App Design', 1, NULL, '2025-08-18 17:59:40', '2025-08-18 18:00:01'),
(36, 6, 'uploads/portfolio-gallery/01K2Z5R43QHH2FH5YH48T60JSR.jpg', 'SI Industries', 'SI Industries', 0, NULL, '2025-08-18 18:06:01', '2025-08-18 18:06:01'),
(37, 6, 'uploads/portfolio-gallery/01K2Z5RFJKQ57C3JVWYZJK683Z.jpg', 'SI Industries', 'SI Industries', 1, NULL, '2025-08-18 18:06:13', '2025-08-18 18:06:13'),
(38, 6, 'uploads/portfolio-gallery/01K2Z5RRTY6GZADJNV6CAC7889.jpg', 'SI Industries', 'SI Industries', 2, NULL, '2025-08-18 18:06:22', '2025-08-18 18:06:22'),
(39, 6, 'uploads/portfolio-gallery/01K2Z5S2JT2VKGQRS9YQFV9XKM.jpg', 'SI Industries', 'SI Industries', 3, NULL, '2025-08-18 18:06:32', '2025-08-18 18:06:32'),
(40, 6, 'uploads/portfolio-gallery/01K2Z5SCK3T9JDTWD80BMFV3XM.jpg', 'SI Industries', 'SI Industries', 4, NULL, '2025-08-18 18:06:42', '2025-08-18 18:06:42'),
(41, 6, 'uploads/portfolio-gallery/01K2Z5TB5179EWDF8TX6SGMRYY.jpg', 'SI Industries', 'SI Industries', 5, NULL, '2025-08-18 18:07:14', '2025-08-18 18:07:14'),
(42, 6, 'uploads/portfolio-gallery/01K2Z5TN0D9EP73A22QAR59HD3.jpg', 'SI Industries', 'SI Industries', 6, NULL, '2025-08-18 18:07:24', '2025-08-18 18:07:24'),
(43, 6, 'uploads/portfolio-gallery/01K2Z5V3SW3MDF145JBB23EY3A.jpg', 'SI Industries', 'SI Industries', 7, NULL, '2025-08-18 18:07:39', '2025-08-18 18:07:39'),
(44, 6, 'uploads/portfolio-gallery/01K2Z5VFEZ42PS4W3KFGH2S1WC.jpg', 'SI Industries', 'SI Industries', 8, NULL, '2025-08-18 18:07:51', '2025-08-18 18:07:51'),
(45, 6, 'uploads/portfolio-gallery/01K2Z5VSRHSPQCMR1BA05QA077.jpg', 'SI Industries', 'SI Industries', 9, NULL, '2025-08-18 18:08:01', '2025-08-18 18:08:01'),
(46, 6, 'uploads/portfolio-gallery/01K2Z5W6N1BABZHMFSCBHM2M40.jpg', 'SI Industries', 'SI Industries', 10, NULL, '2025-08-18 18:08:15', '2025-08-18 18:08:15'),
(47, 6, 'uploads/portfolio-gallery/01K2Z5WHQ7JZK707PMFRAZ1A03.jpg', 'SI Industries', 'SI Industries', 11, NULL, '2025-08-18 18:08:26', '2025-08-18 18:08:26'),
(48, 6, 'uploads/portfolio-gallery/01K2Z5WXDH93F2RWPA4W4CY8QJ.jpg', 'SI Industries', 'SI Industries', 12, NULL, '2025-08-18 18:08:38', '2025-08-18 18:08:38'),
(49, 7, 'uploads/portfolio-gallery/01K2Z6A5GS0Y2CGJ1XPAHTV0B3.png', 'Ramdhan jewellers', 'Ramdhan jewellers', 0, NULL, '2025-08-18 18:15:52', '2025-08-18 18:15:52'),
(50, 7, 'uploads/portfolio-gallery/01K2Z6AGP2QTRKQBKW191J58A3.png', 'Ramdhan jewellers', 'Ramdhan jewellers', 1, NULL, '2025-08-18 18:16:04', '2025-08-18 18:16:04'),
(51, 7, 'uploads/portfolio-gallery/01K2Z6AW5BD60T1HGTCYD0RRSK.png', 'Ramdhan jewellers', 'Ramdhan jewellers', 2, NULL, '2025-08-18 18:16:15', '2025-08-18 18:16:15'),
(52, 7, 'uploads/portfolio-gallery/01K2Z6B6H8MTKY8B6D1VFEMM9F.png', 'Ramdhan jewellers', 'Ramdhan jewellers', 3, NULL, '2025-08-18 18:16:26', '2025-08-18 18:16:26'),
(53, 7, 'uploads/portfolio-gallery/01K2Z6BHV1371XG6W8M1YRQ6N8.png', 'Ramdhan jewellers', 'Ramdhan jewellers', 4, NULL, '2025-08-18 18:16:37', '2025-08-18 18:16:37'),
(54, 7, 'uploads/portfolio-gallery/01K2Z6BXB7C8H1SY1WXKTNHJ6V.png', 'Ramdhan jewellers', 'Ramdhan jewellers', 5, NULL, '2025-08-18 18:16:49', '2025-08-18 18:16:49'),
(55, 7, 'uploads/portfolio-gallery/01K2Z6C7JC5Q0XY6F5S34P4EW1.png', 'Ramdhan jewellers', 'Ramdhan jewellers', 6, NULL, '2025-08-18 18:17:00', '2025-08-18 18:17:00'),
(56, 7, 'uploads/portfolio-gallery/01K2Z6CH4D7D75VWM9DTS8KB8Q.png', 'Ramdhan jewellers', 'Ramdhan jewellers', 7, NULL, '2025-08-18 18:17:10', '2025-08-18 18:17:10'),
(57, 7, 'uploads/portfolio-gallery/01K2Z6CVA6NK9NRBBQZMFSZ3PV.png', 'Ramdhan jewellers', 'Ramdhan jewellers', 8, NULL, '2025-08-18 18:17:20', '2025-08-18 18:17:20'),
(58, 7, 'uploads/portfolio-gallery/01K2Z6D6C14A8KMPT7HNP5N0EG.png', 'Ramdhan jewellers', 'Ramdhan jewellers', 9, NULL, '2025-08-18 18:17:31', '2025-08-18 18:17:31'),
(59, 8, 'uploads/portfolio-gallery/01K2Z6JRDRJRWHSPTTS31QMM4C.jpg', 'Layali ', 'Layali ', 0, NULL, '2025-08-18 18:20:34', '2025-08-18 18:20:34'),
(60, 8, 'uploads/portfolio-gallery/01K2Z6K26Q5CRDE0TBPBP7SAF7.jpg', 'Layali ', 'Layali ', 1, NULL, '2025-08-18 18:20:44', '2025-08-18 18:20:44'),
(61, 8, 'uploads/portfolio-gallery/01K2Z6KC5S542RX8EW14Z3S6JY.jpg', 'Layali ', 'Layali ', 2, NULL, '2025-08-18 18:20:54', '2025-08-18 18:20:54'),
(62, 8, 'uploads/portfolio-gallery/01K2Z6KP2FJGGENCZC8WCHG6XG.jpg', 'Layali ', 'Layali ', 3, NULL, '2025-08-18 18:21:04', '2025-08-18 18:21:04'),
(63, 8, 'uploads/portfolio-gallery/01K2Z6M1MYSSVY163V2T39ED0K.jpg', 'Layali ', 'Layali ', 4, NULL, '2025-08-18 18:21:16', '2025-08-18 18:21:16'),
(64, 8, 'uploads/portfolio-gallery/01K2Z6N0RTKZDH8KGMCEQ2R9WR.jpg', 'Layali ', 'Layali ', 5, NULL, '2025-08-18 18:21:48', '2025-08-18 18:21:48'),
(65, 8, 'uploads/portfolio-gallery/01K2Z6NB1ZPNW1EFP7JVJASSB7.jpg', 'Layali ', 'Layali ', 6, NULL, '2025-08-18 18:21:58', '2025-08-18 18:21:58'),
(66, 8, 'uploads/portfolio-gallery/01K2Z6NNNNW5SYNNCDWXR83HBH.jpg', 'Layali ', 'Layali ', 7, NULL, '2025-08-18 18:22:09', '2025-08-18 18:22:09'),
(67, 8, 'uploads/portfolio-gallery/01K2Z6P1C2KNQX0VEV50RA49SA.jpg', 'Layali ', 'Layali ', 8, NULL, '2025-08-18 18:22:21', '2025-08-18 18:22:21'),
(68, 8, 'uploads/portfolio-gallery/01K2Z6PWKRMYZR510QVZERBCV7.jpg', 'Layali ', 'Layali ', 9, NULL, '2025-08-18 18:22:49', '2025-08-18 18:22:49'),
(69, 8, 'uploads/portfolio-gallery/01K2Z6Q82CBSXDDNY78S7STW0R.jpg', 'Layali ', 'Layali ', 10, NULL, '2025-08-18 18:23:01', '2025-08-18 18:23:01'),
(70, 8, 'uploads/portfolio-gallery/01K2Z6QNARHCPBRMGXV57X6XHW.jpg', 'Layali ', 'Layali ', 12, NULL, '2025-08-18 18:23:14', '2025-08-18 18:23:14'),
(71, 8, 'uploads/portfolio-gallery/01K2Z6RM5GGK2YX9WX24J3NFW1.jpg', 'Layali ', 'Layali ', 11, NULL, '2025-08-18 18:23:46', '2025-08-18 18:23:46');

INSERT INTO `portfolios` (`id`, `title`, `client`, `industry`, `overview`, `about_project`, `image`, `slug`, `short_description`, `testimonial`, `meta_title`, `meta_description`, `meta_keywords`, `og_title`, `og_description`, `og_image`, `og_type`, `og_url`, `og_site_name`, `twitter_card`, `twitter_title`, `twitter_description`, `twitter_image`, `twitter_site`, `twitter_creator`, `canonical_url`, `schema_markup`, `priority`, `change_frequency`, `status`, `deleted_at`, `created_at`, `updated_at`) VALUES
(1, 'Stellar Tech Solutions', 'Cameron Williamson', 'Technology', 'Stellar Tech Solutions is a leading provider of innovative technology services designed to empower businesses in today\'s fast-paced digital landscape. We specialize in crafting customized IT solutions, integrating cutting-edge technologies, and delivering robust cybersecurity strategies to ensure your organization\'s growth, efficiency, and security.', 'Our team of experienced professionals is dedicated to understanding your unique challenges and goals, offering tailored services that align with your vision. From seamless system integration and managed IT services to advanced cloud solutions and proactive cybersecurity measures, we help businesses streamline operations, enhance productivity, and safeguard critical data.', 'uploads/portfolios/01K2Z3DEAK6RVSHC9R3VS5HXQJ.png', 'stellar-tech-solutions', 'We redesigned Stellar Tech\'s website to enhance their digital presence and improve user experience.', 'The team at Vienhance Studio delivered an exceptional website that perfectly captures our brand identity and exceeds our expectations. The attention to detail and user experience is outstanding.', 'Stellar Tech Solutions - Web Design Project | Vienhance Studio', 'See how we redesigned Stellar Tech Solutions\' website to enhance their digital presence and improve user experience.', 'web design, branding, tech company, responsive design, user experience', 'Stellar Tech Solutions - Web Design Project', 'See how we redesigned Stellar Tech Solutions\' website to enhance their digital presence and improve user experience.', NULL, 'website', 'https://vienhancestudio.com/portfolio/stellar-tech-solutions', 'Vienhance Studio', 'summary_large_image', 'Stellar Tech Solutions - Web Design Project', 'See how we redesigned Stellar Tech Solutions\' website to enhance their digital presence and improve user experience.', NULL, '@vienhancestudio', '@vienhancestudio', 'https://vienhancestudio.com/portfolio/stellar-tech-solutions', '{\"url\": \"https://vienhancestudio.com/portfolio/stellar-tech-solutions\", \"name\": \"Stellar Tech Solutions Website\", \"@type\": \"CreativeWork\", \"creator\": {\"name\": \"Vienhance Studio\", \"@type\": \"Organization\"}, \"@context\": \"https://schema.org\", \"dateCreated\": \"2023-01-25\", \"description\": \"Professional web design and development for Stellar Tech Solutions\"}', 0.80, 'monthly', 'live', '2025-08-18 17:43:10', '2025-08-17 18:59:37', '2025-08-18 17:43:10'),
(2, 'Green Wave Foods', 'Sarah Johnson', 'Food & Beverage', 'Green Wave Foods needed a modern, user-friendly e-commerce platform that could handle their growing customer base while maintaining the organic, sustainable brand image they\'ve built.', 'Creating an intuitive shopping experience that reflects the company\'s commitment to sustainability while ensuring fast loading times and mobile responsiveness. The platform needed to showcase their organic products effectively while providing a seamless checkout process.', 'work-image-2.jpg', 'green-wave-foods', 'We built a user-friendly Shopping platform for Green Wave Foods.', 'The e-commerce platform Vienhance Studio created for us has significantly increased our online sales. The user experience is intuitive and the mobile responsiveness is perfect.', 'Green Wave Foods - E-commerce Platform | Vienhance Studio', 'Modern e-commerce platform for Green Wave Foods with mobile-first design and sustainable branding.', 'e-commerce, food platform, mobile design, sustainable branding, online shopping', 'Green Wave Foods - E-commerce Platform', 'Modern e-commerce platform for Green Wave Foods with mobile-first design and sustainable branding.', 'work-image-2.jpg', 'website', 'https://vienhancestudio.com/portfolio/green-wave-foods', 'Vienhance Studio', 'summary_large_image', 'Green Wave Foods - E-commerce Platform', 'Modern e-commerce platform for Green Wave Foods with mobile-first design and sustainable branding.', 'work-image-2.jpg', '@vienhancestudio', '@vienhancestudio', 'https://vienhancestudio.com/portfolio/green-wave-foods', '{\"url\": \"https://vienhancestudio.com/portfolio/green-wave-foods\", \"name\": \"Green Wave Foods E-commerce Platform\", \"@type\": \"CreativeWork\", \"creator\": {\"name\": \"Vienhance Studio\", \"@type\": \"Organization\"}, \"@context\": \"https://schema.org\", \"dateCreated\": \"2023-03-15\", \"description\": \"Modern e-commerce platform for organic food products\"}', 0.80, 'monthly', 'live', '2025-08-18 17:43:10', '2025-08-17 18:59:37', '2025-08-18 17:43:10'),
(3, 'Horizon Real Estate', 'Michael Chen', 'Real Estate', 'Horizon Real Estate required a complete brand identity overhaul to establish themselves as a trusted name in the competitive real estate market.', 'Developing a brand identity that conveys trust, professionalism, and local expertise while standing out in a crowded market. The project included logo design, brand guidelines, and marketing materials.', 'work-image-3.jpg', 'horizon-real-estate', 'We helped Horizon Real Estate establish a trusted brand identity.', 'Vienhance Studio transformed our brand identity completely. The new logo and design system perfectly represents our values and has helped us stand out in the competitive real estate market.', 'Horizon Real Estate - Brand Identity Design | Vienhance Studio', 'Complete brand identity overhaul for Horizon Real Estate including logo design and marketing materials.', 'brand identity, logo design, real estate, marketing materials, brand guidelines', 'Horizon Real Estate - Brand Identity Design', 'Complete brand identity overhaul for Horizon Real Estate including logo design and marketing materials.', 'work-image-3.jpg', 'website', 'https://vienhancestudio.com/portfolio/horizon-real-estate', 'Vienhance Studio', 'summary_large_image', 'Horizon Real Estate - Brand Identity Design', 'Complete brand identity overhaul for Horizon Real Estate including logo design and marketing materials.', 'work-image-3.jpg', '@vienhancestudio', '@vienhancestudio', 'https://vienhancestudio.com/portfolio/horizon-real-estate', '{\"url\": \"https://vienhancestudio.com/portfolio/horizon-real-estate\", \"name\": \"Horizon Real Estate Brand Identity\", \"@type\": \"CreativeWork\", \"creator\": {\"name\": \"Vienhance Studio\", \"@type\": \"Organization\"}, \"@context\": \"https://schema.org\", \"dateCreated\": \"2023-02-10\", \"description\": \"Complete brand identity design for real estate company\"}', 0.80, 'monthly', 'live', '2025-08-18 17:43:10', '2025-08-17 18:59:37', '2025-08-18 17:43:10'),
(4, 'Hylnfluencer', 'Hylnfluencer', 'Marketing', 'Hylnfluencer, is redefining affiliate marketing with a brand-first philosophy. Their primary goal is to empower affiliates for unparalleled success. Through innovation, cutting-edge technologies, and revolutionary commission structures, Hylnfluncer lead the industry.', ' Transparent, lasting partnerships and high-converting traffic drive exceptional value for their clients. Maximized affiliate earnings, a dynamic global community, and unwavering brand integrity set us apart as the go-to platform, shaping the future of affiliate marketing.', 'uploads/portfolios/01K2Z4PRAYG8HFHPH1XMAR7WA0.png', 'hylnfluencer', 'Hylnfluencer, is redefining affiliate marketing with a brand-first philosophy. ', NULL, NULL, NULL, NULL, NULL, NULL, NULL, NULL, NULL, NULL, NULL, NULL, NULL, NULL, NULL, NULL, NULL, NULL, NULL, NULL, 'live', NULL, '2025-08-18 17:47:47', '2025-08-18 17:55:45'),
(5, 'EV Charging Station App Design', 'EV Charging Station App Design', 'Technology', 'EV Charging Station App Design', '       .', 'uploads/portfolios/01K2Z59KZWYCJ58A9WS03634K2.png', 'ev-charging-station-app-design', 'EV Charging Station App Design', NULL, NULL, NULL, NULL, NULL, NULL, NULL, NULL, NULL, NULL, NULL, NULL, NULL, NULL, NULL, NULL, NULL, NULL, NULL, NULL, 'live', NULL, '2025-08-18 17:58:06', '2025-08-18 18:01:49'),
(6, 'SI Industries Branding ', 'SI Industries Branding ', 'Manufacturing', 'SI Industries Branding ', 'SI Industries Branding of a Plywood manufacturing Company ', 'uploads/portfolios/01K2Z5Q38NZPGSYHDG82K27J7Z.jpg', 'si-industries-branding ', 'SI Industries Branding of a Plywood manufacturing Company ', NULL, NULL, NULL, NULL, NULL, NULL, NULL, NULL, NULL, NULL, NULL, NULL, NULL, NULL, NULL, NULL, NULL, NULL, NULL, NULL, 'live', NULL, '2025-08-18 18:05:27', '2025-08-18 18:05:27'),
(7, 'Ramdhan jewellers', 'Ramdhan jewellers', 'Jewellers', 'Ramdhan jewellers', 'Ramdhan jewellers', 'uploads/portfolios/01K2Z69JRXSGR6YHEC96W7C5WK.png', 'ramdhan-jewellers', 'Ramdhan jewellers', NULL, NULL, NULL, NULL, NULL, NULL, NULL, NULL, NULL, NULL, NULL, NULL, NULL, NULL, NULL, NULL, NULL, NULL, NULL, NULL, 'live', NULL, '2025-08-18 18:15:33', '2025-08-18 18:15:33'),
(8, 'Layali Arts', 'Layali Arts', 'Manufacturer', 'Layali Arts', 'Layali Arts', 'uploads/portfolios/01K2Z6J8HKZW3E0NA1NDVTC74Q.jpg', 'layali-arts', 'Layali Arts', NULL, NULL, NULL, NULL, NULL, NULL, NULL, NULL, NULL, NULL, NULL, NULL, NULL, NULL, NULL, NULL, NULL, NULL, NULL, NULL, 'live', NULL, '2025-08-18 18:20:17', '2025-08-18 18:20:17');

INSERT INTO `service_descriptions` (`id`, `service_id`, `section_1`, `section_2`, `section_3`, `benefits`, `process`, `faqs`, `created_at`, `updated_at`, `deleted_at`) VALUES
(1, 1, 'At Vienhance Studio, we design intuitive, interactive, and visually appealing digital experiences that are both functional and beautiful. Our UI/UX design process is centered on simplicity, usability, and intuitive navigation—making sure that every product we build increases user satisfaction. Whether it\'s a website, mobile application, or digital platform, we design experiences that not only look beautiful but are also easy to use.', 'We think good design is more than looks—it\'s how people experience your product. That\'s why we make sure every interface is accessible, user-friendly, and purposefully planned to achieve business objectives while meeting users where they are.', 'The design process is an organized method of solution creation that incorporates research, creativity, and iterative development to provide functional and effective outcomes. Our systematic step-by-step process guarantees that each product we create is well-designed, user-centric, and aligns with business objectives.', '\"Enhanced User Satisfaction,Higher Conversion Rates,Improved Brand Loyalty,Reduced Development Costs,Increased User Retention,Accessible & Inclusive Designs\"', '[{\"icon\": \"uploads/service-descriptions/01K3DTBBHSXDPMCB3YKNHAX2ME.svg\", \"title\": \"Research & Strategy\", \"description\": \"We start by learning about user requirements, business objectives, and market trends to develop a design strategy that is in sync with your vision.\"}, {\"icon\": \"uploads/service-descriptions/01K3DTBBHVHMZ2BRNE5HD6Z3SX.svg\", \"title\": \"Wireframing & Prototyping\", \"description\": \"We make wireframes and interactive prototypes to plan out the user experience, providing a smooth ride before final development.\"}, {\"icon\": \"uploads/service-descriptions/01K3DTBBHVHMZ2BRNE5HD6Z3SY.svg\", \"title\": \"Design & Testing\", \"description\": \"Our experts create a beautifully designed, fully functional design and then conduct vigorous usability testing to optimize and complete the user experience.\"}]', '[{\"answer\": \"User research is fundamental as it provides insights into your target audience\'s needs, behaviors, and pain points. This data informs our design decisions, ensuring the final product genuinely solves user problems and meets their expectations, leading to higher engagement and satisfaction.\", \"question\": \"Why is user research important in UI/UX projects?\"}, {\"answer\": \"We achieve user-friendliness through a human-centric approach, starting with user research, creating clear information architecture, and rigorous usability testing. We focus on natural navigation flows, accessible design principles, and consistent visual patterns that users find familiar and easy to understand.\", \"question\": \"How do you ensure the design is user-friendly and intuitive?\"}, {\"answer\": \"Absolutely. We specialize in redesigning and optimizing existing digital products. Our process involves auditing the current experience, identifying pain points, and then strategically redesigning elements to improve usability, aesthetics, and overall performance, ultimately enhancing your ROI.\", \"question\": \"Can you redesign an existing digital product or website?\"}, {\"answer\": \"Accessibility is a core consideration from the outset of every project. We adhere to WCAG (Web Content Accessibility Guidelines) best practices, focusing on elements like color contrast, scalable typography, keyboard usability, and proper alt-text for images to ensure your digital experiences are usable and enjoyable for everyone, including those with disabilities.\", \"question\": \"How do you incorporate accessibility into your UI/UX designs?\"}]', '2025-08-17 15:02:48', '2025-08-24 10:35:25', NULL),
(2, 2, 'A brand is more than just a logo—it\'s the embodiment of a company\'s personality, promise, and narrative. We assist companies in creating a unique and identifiable brand identity by developing engaging logos, consistent visual languages, and narrative brand stories. Our method achieves consistency in every touch point, enabling companies to gain trust and leave an enduring impression.', 'A strong brand identity is crucial for recognition, trust, and market positioning, ensuring long-term success. It transforms your brand into a deeply connecting experience, captivating audiences and driving sustained business growth.', 'Branding is not all about looks—it\'s about building a strategic foundation that honors your company\'s values and speaks to your audience. Our process ensures each piece of your brand identity is intentional, effective, and geared towards your business objectives.', '\"Stronger Brand Recognition,Builds Trust & Credibility,Consistent Brand Messaging,Increases Customer Loyalty,Increases Market Differentiation,Enhances Business Development\"', '[{\"icon\": \"uploads/service-descriptions/01K3DV1STPMG67GRJPSA9C207R.svg\", \"title\": \"Discovery & Strategy\", \"description\": \"We delve deep into your business, audience, and industry to define your brand\'s core values, unique positioning, and distinct voice.\"}, {\"icon\": \"uploads/service-descriptions/01K3DV1STQ2R74J48XA8E6WA3C.svg\", \"title\": \"Design & Development\", \"description\": \"From strategic insights, we craft distinctive logos, harmonious typography, compelling color palettes, and comprehensive brand elements.\"}, {\"icon\": \"uploads/service-descriptions/01K3DV1STQ2R74J48XA8E6WA3D.svg\", \"title\": \"Implementation & Consistency\", \"description\": \"We create detailed brand guidelines and essential assets, ensuring your new identity is seamlessly integrated and consistent across all platforms.\"}]', '[{\"answer\": \"A professional brand identity is vital because it establishes immediate recognition, builds trust with your audience, and clearly communicates your company\'s values and unique promise. It sets you apart from competitors, fosters loyalty, and creates a consistent impression across all customer touchpoints, driving long-term success.\", \"question\": \"Why is professional brand identity crucial for my business?\"}, {\"answer\": \"Our service typically includes comprehensive brand strategy, logo design, development of a full visual identity system (color palettes, typography, imagery style), brand guidelines, and assistance in crafting your brand\'s core messaging and narrative. The exact deliverables are tailored to your specific needs.\", \"question\": \"What is included in your Brand Identity & Branding service?\"}, {\"answer\": \"The timeline for a branding project can vary based on complexity and scope. Generally, a complete brand identity project, from discovery to final guidelines, can take anywhere from 2 to 3 weeks. We\'ll provide a detailed project schedule during our initial consultation.\", \"question\": \"How long does a typical branding project take?\"}, {\"answer\": \"Yes, absolutely. We specialize in both creating new brand identities and strategically rebranding existing businesses. Our rebranding process involves an in-depth analysis of your current brand, market position, and future goals to ensure the new identity effectively revitalizes your presence and resonates with your evolving audience.\", \"question\": \"Can you help us with rebranding an existing business?\"}]', '2025-08-17 15:02:48', '2025-08-24 10:47:40', NULL),
(3, 3, 'At Vienhance Studio, we believe visual communication transcends words. We breathe life into your brand\'s story through customized illustrations, bespoke icons, and strong visuals that elevate your message. Our designs don\'t just complement your brand; they provide it with a distinct face, an authentic voice, and an emotional appeal that deeply resonates with your audience.', 'A strong visual identity, reinforced by impactful graphic design and illustration, simplifies communication and ensures continuous interaction with your audience, creating lasting impressions.', 'Good design is a combination of creativity, strategy, and functionality. Our systematic process ensures all visual elements perfectly fit your brand identity, engaging your audience and making your communication more impactful.', '\"Greater Visual Storytelling,Memorable Brand Presence,Enhanced User Engagement,Versatility Across Platforms,Boosts Brand Personality,Increases Marketing Impact\"', '[{\"icon\": \"uploads/service-descriptions/01K3DV3BYG7X6TW1527K3JXT2E.svg\", \"title\": \"Concept & Ideation\", \"description\": \"We begin by dissecting your brand\'s personality and objectives, developing innovative directions and sketching preliminary ideas to build a solid visual foundation.\"}, {\"icon\": \"uploads/service-descriptions/01K3DV3BYH9JAZPK6WTXDV5YJZ.svg\", \"title\": \"Design & Refinement\", \"description\": \"We craft high-end illustrations, graphics, and iconography using digital tools and fine art techniques, tailored precisely to your brand\'s narrative and visual identity.\"}, {\"icon\": \"uploads/service-descriptions/01K3DV3BYJHFFM8KQ6NEEMD20W.svg\", \"title\": \"Implementation & Consistency\", \"description\": \"We optimize and adjust designs across various platforms to ensure seamless consistency for print, digital, and social media, providing a smooth brand experience.\"}]', '[{\"answer\": \"Graphic design is fundamental to branding as it visually communicates your brand\'s message, personality, and values. It creates the visual assets—like logos, color palettes, and imagery—that build recognition, establish trust, and form the foundation of your brand\'s unique identity.\", \"question\": \"What is the role of graphic design in branding?\"}, {\"answer\": \"We create a wide range of custom illustrations, including editorial illustrations, spot illustrations, character designs, infographics, conceptual art, and technical illustrations. Our style is adaptable to best suit your brand\'s aesthetic and message.\", \"question\": \"What types of illustrations do you create?\"}, {\"answer\": \"Custom graphics make your marketing materials more unique, memorable, and impactful. They help your content stand out in a crowded market, convey complex information clearly, evoke emotions, and ultimately increase engagement and recall with your target audience across all channels.\", \"question\": \"How do custom graphics benefit my marketing efforts?\"}, {\"answer\": \"Absolutely. A core part of our process is ensuring consistency. We develop comprehensive brand guidelines and meticulously adapt designs for various platforms, ensuring your visuals maintain integrity and recognition whether they appear in print, on your website, or across social media channels.\", \"question\": \"Can you ensure design consistency across different platforms (print, web, social)?\"}, {\"answer\": \"Project timelines vary based on complexity and deliverables. A simple icon set might take a few weeks, while a comprehensive illustration project or a full suite of marketing graphics could take longer. We\'ll provide a clear timeline once we understand your specific project scope and needs.\", \"question\": \"What\'s the typical timeline for a graphic design project?\"}]', '2025-08-17 15:02:48', '2025-08-24 10:48:31', NULL),
(4, 4, 'At Vienhance Studio, we believe excellent design isn\'t just about looks—it\'s about getting your message across and making a lasting impression. From attention-grabbing brochures and dramatic packaging to compelling flyers and publications, we produce print and marketing materials that don\'t just get noticed but also meet your brand\'s communication objectives. Every design is carefully crafted to engage your audience and deliver meaningful interaction, ensuring your brand shines and connects with your audience.', 'Effective marketing and print design increases brand visibility, builds trust, and makes a strong, lasting impression in a competitive marketplace.', 'Each marketing material must be visually engaging, strategically crafted, and in line with your brand. Our process guarantees that every print and digital product provides maximum impact and consistent brand messaging.', '\"Boosts Brand Awareness,Grabs Audience Attention,Improves Communication,Aids Marketing Objectives,Flexible Across Platforms,Makes Lasting Impressions\"', '[{\"icon\": \"uploads/service-descriptions/01K3DV67KNTC88EY0RXFTVXSHK.svg\", \"title\": \"Understanding Goals & Audience\", \"description\": \"We start by deeply understanding your brand, target audience, and specific marketing goals to lay a strong foundation for your materials.\"}, {\"icon\": \"uploads/service-descriptions/01K3DV67KPVYEGSA0XF7XEAACG.svg\", \"title\": \"Design & Layout\", \"description\": \"Applying strategic design principles, we create compelling layouts that maximize readability, captivate your audience, and communicate your brand\'s message effectively.\"}, {\"icon\": \"uploads/service-descriptions/01K3DV67KQH560TF8HKR9Y9TM0.svg\", \"title\": \"Finalization & Production\", \"description\": \"We meticulously finalize designs for print media and digital displays, ensuring high-quality outputs, smooth brand continuity, and clear communication across all platforms.\"}]', '[{\"answer\": \"Professional marketing and print materials are crucial for establishing credibility, building brand recognition, and making a tangible connection with your audience. They enhance your message\'s impact, distinguish you from competitors, and serve as powerful tools for sales and communication.\", \"question\": \"Why are professional marketing and print materials important for my business?\"}, {\"answer\": \"We design a wide range of print materials including brochures, flyers, business cards, packaging, posters, publications, direct mailers, event collateral, and more. Our expertise covers both small-scale runs and large-scale campaigns.\", \"question\": \"What types of print materials do you design?\"}, {\"answer\": \"We ensure consistency by developing strong brand guidelines that govern all visual elements—colors, fonts, logos, imagery style—across both print and digital mediums. Our designers meticulously adapt artwork for different platforms, maintaining a cohesive and recognizable brand experience.\", \"question\": \"How do you ensure consistency between print and digital marketing?\"}, {\"answer\": \"We primarily provide print-ready design files, ensuring they meet all specifications for high-quality production. However, we can also offer guidance on selecting reputable printers and, for certain projects, can manage the print production process to ensure optimal results and a seamless experience for you.\", \"question\": \"Can you help with print production or do you only provide the design files?\"}, {\"answer\": \"Our marketing and print designs are strategically crafted to align with your broader marketing objectives. They amplify your campaigns by providing visually compelling content, supporting lead generation, enhancing event presence, and reinforcing your brand\'s message across various touchpoints, driving engagement and conversions.\", \"question\": \"How do these materials contribute to my overall marketing strategy?\"}]', '2025-08-17 15:02:48', '2025-08-24 10:50:05', NULL),
(5, 5, 'At Vienhance Studio, we transform static concepts into dynamic, immersive visual experiences through cutting-edge 3D and motion graphics. We specialize in creating captivating animations, lifelike product visualizations, and compelling motion-based storytelling that not only grab attention but also communicate complex ideas with clarity and impact. Our expertise helps your brand stand out in a crowded digital landscape, offering memorable and engaging interactions across all platforms.', 'Leveraging 3D and motion graphics provides unparalleled opportunities to captivate your audience, enhance brand recall, and deliver your message with dynamic visual flair.', 'Our process for 3D and motion graphics combines creative vision with technical precision, ensuring every animation and visual effect is meticulously crafted to meet your objectives and captivate your audience.', '\"Enhanced Storytelling & Engagement,Increased Brand Memorability,Superior Product Visualization,Explains Complex Ideas Easily,Stands Out in Digital Media,Boosts Social Media Impact\"', '[{\"icon\": \"uploads/service-descriptions/01K3DV6Z48BZ0XM4KWSEVCSKEF.svg\", \"title\": \"Concept & Storyboarding\", \"description\": \"Defining objectives, developing creative concepts, scripting, and visualizing the narrative through detailed storyboards and animatics.\"}, {\"icon\": \"uploads/service-descriptions/01K3DV6Z49VBN0JJEE2X23VP4E.svg\", \"title\": \"3D Modeling & Animation\", \"description\": \"Creating detailed 3D models, applying textures and lighting, then animating elements to bring scenes and characters to life with fluid motion.\"}, {\"icon\": \"uploads/service-descriptions/01K3DV6Z49VBN0JJEE2X23VP4F.svg\", \"title\": \"Rendering & Post-Production\", \"description\": \"Rendering high-quality visuals, adding sound design, voiceovers, and final polish to deliver a captivating and impactful motion graphic.\"}]', '[{\"answer\": \"3D & motion graphics are ideal for explainer videos, product demonstrations, architectural visualizations, immersive brand intros, dynamic social media content, animated logos, and even complex data visualizations. They excel at bringing abstract or detailed concepts to life.\", \"question\": \"What types of projects are best suited for 3D & Motion Graphics?\"}, {\"answer\": \"The timeline for 3D and motion graphics projects varies widely based on complexity, duration, and required level of detail. A short animated logo might take a few weeks, while a comprehensive explainer video could range from 6–12 weeks or more. We\'ll provide a custom timeline with your proposal.\", \"question\": \"How long does it take to create a typical motion graphics video?\"}, {\"answer\": \"While not strictly necessary, providing a script, brand guidelines, existing 3D models, or even a rough concept can significantly expedite the process. We can also assist with scriptwriting, voiceover talent sourcing, and asset creation as part of our comprehensive service.\", \"question\": \"Do I need to provide a script or specific assets?\"}, {\"answer\": \"Absolutely. Our goal is to ensure all 3D and motion graphics seamlessly integrate with and enhance your existing brand identity. We meticulously match colors, typography, and visual styles to maintain consistency and reinforce your brand\'s unique presence.\", \"question\": \"Can 3D & Motion Graphics be integrated with existing branding?\"}]', '2025-08-17 15:02:48', '2025-08-24 10:50:29', NULL);

INSERT INTO `services` (`id`, `title`, `slug`, `description`, `image`, `link`, `delay`, `is_active`, `sort_order`, `created_at`, `updated_at`, `deleted_at`) VALUES
(1, 'UI/UX & Digital Experience Design', 'ui-ux-digital-experience-design', 'Developing seamless, intuitive digital experiences that engage and convert.', 'uploads/services/01K2Z2Z0CHSGZ0KQ3E49DFG77H.png', '/services/ui-ux-digital-experience-design', '0s', 1, 1, '2025-08-17 15:02:48', '2025-08-18 17:17:21', NULL),
(2, 'Branding & Identity Design', 'branding-identity-design', 'Developing bold, memorable brand identities that leave a lasting impression.', 'uploads/services/01K2Z2ZPR3PB5CP9DNZ1VCMHM6.png', '/services/branding-identity-design', '0.2s', 1, 2, '2025-08-17 15:02:48', '2025-08-18 17:17:44', NULL),
(3, 'Illustration & Graphic Design', 'illustration-graphic-design', 'Bringing simplicity and artistry to ideas with visually striking illustrations and graphics that tell your story.', 'uploads/services/01K2Z30XEFXVHAKVFN6RGCFBYZ.png', '/services/illustration-graphic-design', '0.4s', 1, 3, '2025-08-17 15:02:48', '2025-08-18 17:18:23', NULL),
(4, 'Print & Marketing Collateral', 'print-marketing-collateral', 'Creating high-impact print materials that make a lasting, strong impression.', 'uploads/services/01K2Z31HHH9V7EQ6VG3ZMJWZ4Q.png', '/services/print-marketing-collateral', '0.6s', 1, 4, '2025-08-17 15:02:48', '2025-08-18 17:18:44', NULL),
(5, '3D & Motion Graphics', '3d-motion-graphics', 'Transforming static concepts into dynamic, immersive visual experiences with motion and 3D design.', 'uploads/services/01K2Z328Z95CAT0GQZVNGHWR72.png', '/services/3d-motion-graphics', '0.8s', 1, 5, '2025-08-17 15:02:48', '2025-08-18 17:19:08', NULL);

INSERT INTO `sessions` (`id`, `user_id`, `ip_address`, `user_agent`, `payload`, `last_activity`) VALUES
('xoohuFEaCu6nhH67Mu8J510klKbVefWOYHl8iDgF', 3, '127.0.0.1', 'Mozilla/5.0 (Macintosh; Intel Mac OS X 10_15_7) AppleWebKit/537.36 (KHTML, like Gecko) Chrome/139.0.0.0 Safari/537.36', 'ZXlKcGRpSTZJakZFWkRoSlduSTFUa1ZYUlRkNWVsVmhTelpIYVdjOVBTSXNJblpoYkhWbElqb2ljMGcxZVVGbVNVWndZa3BpVEUxdkszcFVka28xU2pkdVoycERMMFpuTlc1S2JHeDFSV2hyYzFKdllua3dZMDV2VkVwWVZXeG5aM0V4Y21aeU5IcHJOblZRTTNwQ1UxbHliMmxSTm5aalZqRmxUR2t5YVM5eVZGVnVhRTV2VDBkRGVpOWFXbWR4YVc5cVZsSjNia2RIT0VNNVNESlFjV0pYV1ZCRE5rZzVMMVZvZVRGTlQwSnpVbWQ2YVdsMVdXWmtObE42YWtKbVZIcEJXRzlxZFRONloyaE9UbEpuU0ZoTVRpdFlhbFZRVlVsTmVraFhNbVZsZFVORk1sTk9TM1pzYTB4UWFTdERWM00xUjFZNFpFaG1VbWxhVVZJMVF6TlVOWEZUTUVWbU1qbGlhRXRCYzFOYWNYbHRkbTFvVmtZM2JrcHBSVmRMVWtWUkwwcEtVbmcyZUdKQ2VHNVVWRkJCU3pkUFVuVmFMMDlWWkhwSmFIWnlWSEJ0TkU5M0wweENZak5DVERSblRUQldTRW92U0RKblYxcDBVMjVWYVd4S1RESmhNMVEwT1VsNWNrMXlWRlpLZFd0bVZuWTVRVE50VTFORFRrdHBOREJCT0RsclRIWm1kRUZzTlhOUlYzbEthVWt3YW5GTWNqQXlOMjV3Y1ZVMllsZDRibVJTWkVZNVlsVldVMmxwUkVGalYxWTNZMEZvVkdoeGJGcHFUVmRZVkdWSEwyMDVURmxvWkVORlptRkJXR0YwWkhaa2FrVlBUMkZvY2paU1dIQTRRbk50Y2xkMFpVWkdUamx4U0VkeGFYSXpPVTFtTVZCVk5VY3pNUzkyYjI1cmNFMUtTazFXU2l0RVpHTkVWVE5WU1daeVNuVk5jblppYlZkU2JWUlNaRVpoY25wSFlUbGFXVFZZTW1Vd1VHbEpUaXQzVVZKclJVbHRkMXBqVlcwMUwyNUtVMUl5WkhoNE1XOHZaSGhzVXpFeVdsQklaSFkyZWxBMllYTllaaXQwV1hsdWRHVk9UVVZaYmpsUmVWQnBaMGRJWjNRMVdFeEdjR0pTTlZKakszcFBPWGxJVFVrMmMxTkxVMGw1WTJ3MFVIVnVSRzFRTTJOWFRYbFlhRmRQZERacE1VdFBVWGhPU1ZVMWVVUm5jMUJFYzNGU1JIbFJhbU5yYVVNNFNVbDRNR0ZKVVhaTlRXeE5lRVZtUVhoQ1Z6VlNjWE5MVHpJclRXMVFTV0ZGVGtSRVRUZzRWVU4zSzNKeGIxcDBVazlLUjFkR1VFTmlUak5CU0daRU5IZHVXa3dyVEU0eFZ6ZGFVMWxLZEd0MlZrNVVZa3cyWVV0VVpuaDNkM2h6YUU0NVZYbHBaSEJTSzI1NlExVkJiVzk1UVhWeFJtOU1VVGRKV2s1UEwzbFhUVXN4V1Vzdk0yRkljbVpITWxWclpYUm1VVWhCUzNnemEwRTJjSGRGVFhWdVdYVkVLemMxZG1wVVdYVjBiblpPVFZWdFpEQlJOelowUVVsS05uRmxhM2MzTm5sT2F6UmhRbFkzVm5aVVQyTjVLMDE1T1ZBNFltbFVkWHBpVERORlppOUpOazE2WXpkclFVSm5Za05UV0d0dGJVOUxka1pyZWtNNGVuaEZhVTVpYTFWdFlUaG5jMlZyYUhFeFJVSk9jM1p3TDJSTk4xaHJNalpDZVdaM2EzZHNXa3h6ZFRBeFVYZGtOV3B1VEd3eFNqYzNRM0o1Y0ZaTGN6bG5hbWt2ZUZWWVdHZzFhbXBDTURaeldHUjNZa2wzWkZZNVlWTnRUbWN6WVZjMU5DdGFhRnBPYTJ3dmNWWXdUMjlsWmtWWFNHbE9kak5MVm5JMFZFRXZRMmR6V0d4b1EwSnZSVWRHYTFjemFVOHlTR3R6SzBGVVRHZDFiazlUYTBORldWTXlkMXBQWWxWNlVUWlBSMkp3Y1dJMk1rd3hTR00yTW5aM00wNDRNVTlOYVVGS2JXUlZia2REYTI1Q1RsaFdZM2xtWkUxVFRVbzNhV2xpT0VGVVVVWnphWFZZYm5NeE0xVlJRWGs0TURGT0wwRmFlbE0zWTNkRFVHTnpjMWRzZEdkV2JHSkhSMlJDVlRoaVVGUm9jMGxVTWpsQ2RGWlNkVXBQUVdseU5XcHliR0ZMY1dGdVNXdHRRUzlKVlVwc1RERXZOMEk0Tm5WQ1l5dFlaa1JhWkRnd05IRktjR1prTmxCaVFXNWlZekJITVhGQ1pETmlUbWRZTUZONVJWTjVOM2xTWVZRdllXZFlZVGxEYjBveFF6Qm5TVTlUTTB0Tk0zWlFSbGhtYVZwMVltVkxkak12VURST1kzWnNlVTltVGxCQ1FXNTBkVVZqU1ZCM2VuYzVNSFZxSzJGRVJYUlNhMnRRTWpOU1ZGTlRSR3huUXpGeFZVNW9SMmdyT1ZSSUt6WTRWMWR4YkZKUmNsZFRlalZwZVRsYWMwcEthak56TTFGT2NXaGthVFpxWnpoU1ltdDRhelZRUlM5UVFtMWFSRWx1THpKUU0zSXljVzExVERaR2JqVkNXblJ1YkUxMVRqRlZlRWRNUzFjd1RuTlRXR2N2TkhKUmJtMXlWMHd3Y0hkM2VVOUJLM0F3VVcwck1ESlFORnBMVW5ac1dWbzRSVXBMUzJWRWFVdExObTB3VVZWR01VNUNRWGx6VEVKdGNHODJiRUkxUm5KbGNrZHNkbFZpZGtGaFNuUm1RV041WkVoMU1rMVFSRWxNV2s1RldFcHRNVEIwV2xkVk5FWlBRbGQ2Y2s1V1FXZFZSV1o1TDJ3M1NXcDBiMHRMYUdsNmNXOHdURFYwZVdobE9WYzVOMUo1VVVkMmVVMUxiM1pDTkhreVl6STVValp1ZHpVMlZUTTVNQzlWZVhOWllYSlpkVFJITkZGYWJHbHhWMU0yVGtWdVlURXlVbmxTTDNkRVVuUTNTMlZuTjAweVpVZGxjRTh5UlZkRVRqQkVVekJTT1RsYU4wMXVNMmx4TVVOMWJEWjNjekJtZVZKbU1rc3ZRWEZ2U1hRNU1IQlBNVmhtVG1OT1JHdEVWbEUzU3paeWMzSTVlVmxZYTFSYVdGUnBSbU5NWlRONlVtVnpLekZITVZsSE5pdFhZV2RMVFRRMFluVkZNM0JxVlRkR1JWTmpWMnRrVFRRelpsRk5ObFJsUkZCNWNHc3JZVWs1VlRsSFZHWTVWbm8yWjJSbGFEbFBUVlJMTVZSaVdGQlFRbFJyU0hGalYwRjBOVWxLVUZCTU1rWlNaVU5IWWpFeFprTkhXVzk0UWxGQ1VXcElUbEp3ZFRaclpYbGFXVlpFTDBseWJ6TmpRVzE0WVZsdU4xUjBWSFF3ZG5oUWJUQkJPSFZZVVZGVGRsUlFkMWhYUmpoblJtRnlSMVkwTjNCVGNGUlRkbWhMYVc1S1RtdDVURWRKTVZCdmRIcE5aa2RYYUdSUWRIZ3dlaXRaVFRGeEt6aHhSbVpJYVRBNVQxVnpPV3R1TlhaYWJEbHZaRkJKVm1KYWVUUlhkMjVEWkd3M05rTmpRMlUxYlhVdk9EVndiMjVoWkdOVFRUbHhSRGRFTlhwcldVcFBkVmRTVlRSalNreFRia1poWjNZeVEzUjFiVEp0WmtGSlJHZFBiSFF3ZUVWdE5GbEJaa3B6T1doU09WWk5jRTUxU21KdVRrdzRkVUkyV1dGQmMxSnNOSFZEVVhZMWNVTmpSMW8zT0RaUlJFSlFZekZFVldOeFdqRnBXV1F2ZFZsbVJEUnBSVXRwUnk5VmFuaFVORlZ5YzBKeE0ycGFOSFJ5TkN0TWFYcFNOekZvT0dKalRUZExlRE5FYm5WRVUxb3ZUVkZ6VjNOWWFXTlVTVEJxVUdRMlRXdENXVnA0VGpWRU1VOVlOWGxrYTNjMlFuWjFSakpRUldGdlMwbDRiVTlyY0RWR01UTXZVMWc0Um10WWNXaDJiWE4zWVdNeVFYSmFSakJtTlhaVGJETkRRemgzZFhRNWNHWXJSRUZVUVhwdVJWbHJTVFZJUlROTVJUVmxZMlpMVW1GRVdrbzBSVE5XYUhGVE0yWTVPRGR5VURsVmExbG5XbWc0VVM5Uk9UVTBSRGM0YURaaU1XZG5TRU5uYkVjME1VMVVUbGRzZEVNelNrbGpla056VFVReVQxaHRRVk5rYTNjclVUbElTMHB6VVZBdk1VYzVhbmhZUlZaM2RFTkRVRXczZDFSWlRsQktkREozYmpVMk9VUmxXamRrVFZoWFFVTkNlRkZuT0hoc1FqTjBaRE5YWjFOMlVVdFpLekV6UWpsbVdubDJRVU41VW1JM1ZYTm9iMGN2YTFKMldWZDRhMGxaZVhaQlduVlhPVVEzZUhGQlpVUlpLMEZCWlZkd1RrcFpOMkZqTHpFcmRGRXhORkJGY0hoSmRHUldURFp1VTBoSVFrRlRSakl4TVVGT1ltNUVVMWxGV2poNlRYZ3JRVGx2TlM5bGFISkxLMmxIVDBkT2MyOTFhM0JWT0hOTmNqTm1ObTlNVW5sR2Mza3pObGMyZDJzNVVqSXdMMVVyVUVodlZWRmFhMjh4V1VvdlRURnJVRkIyVTBKelNrOUhhelZqYWtjM2FVWjZNRGRaWkc1blluQlNRbTlKV0dKcmVFOW9VbXBJVGs5ck4zVXJZVlJTZWs5cGVFNWtabGRVYkdseFNWWjBaMnRCU1d0R1ZXbFdUVkpJUlZCRFdrdERZVk5hWVRsbVRsQjRWVFF4THpobVVGbFBRamRCWTNCR09WUjZXbTlOUlRGVGVVRmhRMXBFTHpKaVJHeGlNVmxLT0RWM1ZGcFBVWEp3ZVhGTGFtVnZaME5JTlVGb00ybFVVMjFhWlcxSmNrdGlSbk5QSzJVNVNuQXhiR0ZJYkU1MWMwZ3lZMEp2UjNWbGNtOVZkRGRLWm1oaFprZDZPVTlCVG1SaFRXbDJUREJzV2tkNWRHOVVPVmxDVEhWTFZVcFNSVkpHY2xGQ2FteE5hbFZ4YUdWRVNtUjJjbEpWYVZOUE9UUjBLM2swU0dsdFltbEZhM3BIU3pKTWVYVnpVVlpHYmtwUVJXcGlZVzF1WWpkeFpUVnFWWFl5YWsxSE5GcHFXamd6TXpORE5rcGlhWEp2U0ZNM2JXbFZVV3MyV1c5U2JIZGxlR1pRTDNsS01HWXdNbEJNVjNGRGIyMXpTSEpDYTBoMFNWSllVVFZwYkhSM2FteHdaREF6ZVVWMWMwODJkRTFNTDBJNGFrOUNjR3hQYjA0eFRESllWRkZtUm5oTFVDdG9NWHBwTjNZck4zVTRUalpuWVVoVGQyMDVlbU5PTldSaVVuSlJaVGd4Y0RaMWVHUXJiRmRsYURFd2VqaHFkbmRyVjJGWFdtRldVMFpsSzNOeVJqSkhWR2RzTXpsa1lrNVBjRWRpYlc5elRHWkRiRlZ2VFVaUVNYQlpjME4yZUdsak5GcFpWRTVsWlZkbGNqWlVZakY2TlNzMWVHMDNUMWxQZVdoNlZFcHJXbFJRU1VWbldURnNObGR6VTBaYVdGTmFiRko1YkRSdU5rNXdWM1V3UW1wVlRVNW1SREJtVDFCWE5rMUtlbFIzWkcxeGNERlViR1paTjNsTGVURXlNV3RTVGtwaGVVaDVkVkJTVWs1bk4zWkpka050YlRsclpYWXlURGswV21aSFFYZEpZV2hOVXpKc1ozSnJRVzFSYkRWdGFGSjViMHByYjNweGQyMU1SMElyWWxKcVJrdFhOM2RHYzFSc1RESTJjVEY1V1dsalRVaHRORmt3ZVVoak9HWTRORWN4ZFdOR09FUjFVRkpwT1VsNllUSm5jVlpPV0dRemIyOWpTVmh3WmxKMGRIQlJZWFpwTmxCSk1GUnFNVEJRYzBwTGEwaE9WMmR0YUd3eGVtWkllRUUzWWtkRFJYUlhURkE0UkdnM1IxQXZOR1JPUlVOUlpqSjJSak5FTVVsT1NFazRhbmh3TDFnNWMwWlFWbTVYYVUwMlVtaGtiMDVFVkdNd2MxZDVkblphWm1aRFUxVjJhalJwSzFkWkwzbzBURE5rYm1GbFUzYzBRWEpXZW5SUE9XNW5kRmxYYTBsbmQwWnNVMk5GWm1weVZUZ3ZkbmxvT1RKSkt6Smxja3R4UlVoT2J6QlRRekpITUZCbFFpdG9Wak5zT0RCeWJtdFBUbHBJVnk5VFRrRmFORUZFT1RrNGVFSnNOMDFqZWtKeFRHRkNSRFp4TVZKUE4xWXlTVWxJUlZoeEt5dHdXVkp5YnpaVWVGSlNTazVOTm5rM1lpdG5NVE1yWm1GM2FERmpkR0V4UzJoM1RERnhNMmM1Y1Zob1dEbFVMM2hJYTI1dFdEVlNRV054UjNWUk1WZFdPR1JaWldkSlpXa3pSbTE2YWtrck5tUjVWMGwwV2trdlRVSmpVVlY1TTA0elJWTm1XSEpzVUhwb1JtWm9VVTV2YURCUFkyMDBXaXRvVjFvemNqa3JOVzFNWldkWmFYTjJXV0l3YldsTE9GUktRamxhTTNSMlVsbGFXazVwUmxwNlV6SjFaa3B1UXpnek0xSndiV1JoZW14VldDOXZLM2hHV25OTFZreEdWMkZpVUdwNk0yOXRSMFJxU2s0d1dXOUVlbGd6T1haVmFXcHpjVEJzY2tVemVGQmFPRGh3U2t3elVIcEtabVF2YlZkdU9HTXhZbFIwU0djMGFqSllhazVNYTNoWVR6SnZRbEpqTjA5bFZIY3ZaME5ZV1U1TVNrVnNZa1V4Wm5wTlNrOVRURUpWTW10VVJGSm1WM1I0UVhSblFXZEtSV2hqTlVvM1YxSlJlREpNUmpoTlMxbGtUSGRsV25vdmFtRkJja2Q2WVRoa016SlBaMGRWVVhrNE1XaHdPR3BqVTFCS1UxTkJhbk5RWXpGc01XNWFSMGRUY20xbVlXNUZUMmRCWjBkb1JVWnpjRUpsTW1KU2RIQlhWMHhYYjJ0QlFWQmhVRXhsZERaaFFXaGlkelF5YW5aWWRpdFhSemMwVGxkV1kwSm1MM0ptYm5GMlVsRndSa0o1YTNKRWIwUjVOMnBEVldkV1QyNUZNSGh2TDFSeWFrbFVURFJPSzNSNlpERmpielJEYmxSb05qZGpSMUpzUjJOcGFEWXljMWxNSzJVelZGRkliR3BUYzNjMWVYY3dhMFpsZG5BeVFYSm9ZbEZRUlc5d2IzVlhUR1Z0WVhFMlkyNTBOR2RhYmtneVZFRk9ZMHRwTDBGelpVZEhjMDAwYVRJNGRUUlhOREJaUkRoeU0ydFFUMU14UW1KdmRUSlNUbUZXTnpsalNXdG1VM0pXVnpORVpsTlRSMUZUWlRjM1MzTjNXVUZYTDAxQmFuVTFabTFRZVRkWlEyNXlOekJJVkdSaGJXSm9VRmt2YjNZMVZFbFBlR3Q0VDJoWGNrSjNZVTE0TVVNM1JIUlJURmx6VjBOeGFrVmFURzVZYjBVelprVklkR05RZVZkcWEwdHJPVzFTVjJ0VlozTk5LMlppV0RZd2VtOUlaMEp3UzFwMldsQnlkVmxyZUN0VFVUUk9SVFZEWkZZNFZYZDNTbUZQUTJaRFdYbHdjR2wxYVZWaWJWZDJZbGhQYTFZMU1tWmlSMXBNYW5WRFIyVnVTWEZZWWs0NWNrVjZUblEwWjBOdlJsRktOVVJUU1hvemR6bEplWGR0WW5wVVEyNXdjMFV4U1dWR01IRjNPRUpJTWs5cE5sWndUbHA1ZGxGd2VrNVJjR3d6WVVsbVluTTJNMlpNVldaR1FUbDNSekZ5V0dWaU1Hd3ZjREZtUVVsaFdXaDRTM2RvUlVwMVFqRnJlbEI1TkdOaFdHTktNemszTWxCMlJFNXhZMnBrTUd4b2VuTlpNR1ZuVWpVemRIZENjbU0xTURSUGJGUXJiVlp5VkZwNGFIaHRNVmQyZFVSRFMxSllNVnBLZFhoVlpHaE1SamMyT1ZSelJXRllTVGhrZW5wblZpdGhXSFJMZG1Wa1dHUlJWbVpYTVVNNVRXUk5OR3RRVmpaaUwwbFhSWGd2YlhKVWMwY3paV014VkZvMEsxQlNPVVpUY0dGSVQyTnRhbVJQWVZRNFlXdGFiWEIxV0Zka2FIUlNabUpCU20xQk1GYzNWSE5UT1hvMFYybHdaak5GYW0xbFNWVmtOM1pSUVZWbmNVVnVZVEE1YkhKM01YRTRjbkF2TDAwMU9VVnFXVzU1VTJGdmJHMUVibFJyV0d4d016TTVTVmxYVlhaRFdEQlRZVkJTZFRRNVNFUnZaVWRrSzJ3dlpEVnhORVZSU21WVmFUVnVablZyYTNkU2RFMWlObE5SZUVSMGRsRTJiemQxZUVGWmJVaEpTREJhUlc0M1IzWjVXV1pVUnpCQmNtTXhPRFZaUmxSVWJqZEZVemREYlROa1NVdFZNbFJ5ZW5GNE1FRm5kVE5rVFhKUFRrTlZhUzlqUm1kVVZIWnFTQ3NyTDNwVlNrcHpUekZYWkdGbVFUaEVTMDR6YWpCUVYySXdSQ3N5YWxaQmNHVnRVV3BhVWxaR2ExTk5jM3BDZFZkRE1UZERUVmd6YXpVM05GSjBWalJXT1U5eU5WbHZNRlprVkhoV1NXaG9WREZtV2pVMFYzZG9UMDl4UWtoUFUzSXhiVEJTVVhBMFUyOWxVM2gwTUhFMGRqaFRRVTFVUmtWalpGa3JhMjF3VDNoWWNIRlVUekZNY1ZaclRtd3pMMWRRTTJKdlZVUnJNbGhzT1hCa1lXMVBORE5IWXpkeU1XRlRXblZQUTFGWloyWlFZa1l2TjNsb1UzVXdXbTVsV0VoVE1teEJkbE5LWTBSSWVETkdkaTkzYzBGbE1saGhRakZwVXpoeVJ6TnpUMnQyYjFjeWVVTm9jbk5aZVdWelVtSkRSV0ZwYkdaemFXNXdUV1pXYzBSSlRuTnZURlp4YUdGblkwbDJkWGx6UlZBeE5GSlphMnBvUWprclZtSXhTemhZVUhoc1NHbHBiV2s0ZFVkaVJrNTBUVXBpVVZsT01qTkJaM2h6Wms4dldVZGtiV2R6YkZReFRtcElTRWg0WjBKMVNHSm9jR05EY1VsNWJsaEpVV1pGU0hacWFHNTVWSGxQZFVwcmFFOU1lRloyYWs1TGVEbGpLM2xuV1RkeFNVd3dSRVpsVlhWSmFXdENTV3M1YmtSNVNYVnBZVkI2WkZkcFJXUlJORlZ4UkRabmRVMDNSSEF3VkZCWFJGbGxVemR0T1dWdVRqWTVNVll5Y2xZeGFtcFRMM0EyVFU1aldrNTFVMkpaVTBoWGJWb3ZXakpKSzFKNEszZ3haM0ZvWVdONmNIbDFLMFJEYVdkdVZsVkhkSEZ5ZG5sb2VYUlVlVEkwT1ZCT1IwZHJkbmhGYURJMlpIcFVWM1ZMY1ZOc1UzcEVRM3BYYUdzelZVeExRbXgyTXl0elZtdE1ibXM1T1ZWeVlucG1ja2RTVm5BelR6QjBkMGhLZW1scFFqSnNNWEV6VlZsUWRIcENNbmRzVW10QmJqVjJXVFIxUjBGRE1uVkNURE5LU1cxR2VGVjJaMnAyTlZGNE1YUTVVVVE0WWxKNlZGQndjblZJTVVjclNWSlJVMmx6ZGs5dFozZDViVmcyWkdac01UTTBkVVJpY1dsaWEyNWpWRFpuY0RFMVVsWnFja2hYYlU5MlJGQjJTMko1TDFOaFpGaEdWbEl2Ylhaalp6SkJRbk5GYW1ka1pIRTVkVzQzVWpocFREWm9ORlZsVW1KdVRYaFhLelkzVlVsWmJtWk1Oa2xSUW5Wa1JVZGtOM2MzTDBGbFozVkJkV1JLTlZwWlRDOW1kbEpTZDJWdWVIUlpTMHB6U0VGV01WUkNZVTVHVmxOaFpFRk1ka0Z4Wm1GcVduUjNXR0Z5VW5GUFNUUTVabXQ1TUcxTU5XWXhTSGxyTDJoeFZHRTJlamt6WmpkSFpXdFBjMVJoTWpGTlEyZG5VemgyWTJFek5scDFaMVkyWTNwQ1ltNHlTMk5UUWtoTWFtdDJlVVJRVURoTVpWQkxPR0l6U1dacFJ6VnBNa2RYVURkUVdEQkdlR2xtU1ZOUWMxSjRRU3RSYVc5aFZqZzRia2RNZVRSb2NYWk1XREpNTVhWcmFYZFVjRkpzWVc4eE9DOU9Nalp1VGxWWldFNVRXVVpZVkdKUmVtdFVjVGxNZEhGaWJYbGFkVVJzTlM4MmFtSmFVbkV3WlhkM2F5OXhRMUZsUm5oNllYbGpPVEZWUzFCcldFZGxTR2N2WTFGRlFrVm5XVFF5UzJKWVRVTkhSVWxYZG1adk0zcFhWRXhzYlhsdWVtb3JhREJuWVdkRlZraERMM280VldzeVVrTkVXRUp1UWxWUFpWSmFXRzFJVDFORWVUWm1WVVJ0ZG5KTE9WVmlTSGxFWmpkNVltOHdkVXMwTUdaVGNtazVPVzV3WjFJellqZENXbFYzT1doWlZVRmpPVVZNYUhWdlN5ODFWek5sV21wdmNEbHNLMkowVml0cldWcGlSMHhEWkU1SmIzSTVNVGhXTUc5eU9HTjBhMFJpTVRsUWNUVjVhVUo0WmxCdlJVRnFLMlV2YkhSclJ6VnRjMDFzVW1zelRWRTRlV2hTWVVwcGFrcDZiRk5KY1RkVEswWkNhV2xvWkhGVGRXOUxTbTFwT0RjNVVYaDJlVk4yVld4bU9HeFVlVGxxVjBnMFQzUm1Oa0ZvYWt4eWMwYzJTbkprTHpaaWNuWTBiV2RhZUVSbVUyVlhkakZrVUV4aGRsTjROREZ2UWxseFZYWmtjRWM1YTBwdVkydEhhMFZKUTA5blUwUk1UM2Q1ZWtaaVNrVm5ZM2QxY21oTlVVTXdjaXR1Wm5BeVNpdDNRVkY1UkUxWlltRnNMek5NYlVodllXY3pkWFJHUW1GVE1DOVFjVWx2V1Vsb05XcDJjMkpSTlVaSmFuWmhUa2tyT0hod1Z6SjFjR0ZYTVRkWVpXeFNkMGhPVVdSRFdEZHdUelkxYTNaaE9XOVRRVlZETkRsVFQyZHdaSE5sTVZOMlZIaEVZVVJFYVhveGNUTTNkSFZtUjAxMVdTdHZSa2RrWjNaWVZFTlhMMVJuYkdWeFdHZEZWRloyYUVFNVlTOWxTa3hxVm1wWVdrUkhVMU5IVDBSdVZVTjJibGhYYUZoSGMxTk1iVmhpTldwMFoxTlpWVFZ6VjI0MGMyRXZNa012Tml0T2NGVXhZMDF4VTFBcmNsZFlTVzlwZGpoWmJtWjRiWGhhYlZOVFExcDNTMkl2SzBoQ1QzaHRiR0pvUlVaMk56TlFTalJhVkhaV1VYRkdWMVpHUkcxamMydHFNMjF5T0c5TlpXUXlOekpJYzNGdWNtOXFXV1JXVGxGa2FYcHNkMHMyUW5WR1ZHeEJXVk4yVDNGek1ERmlUSFZoTlVkUWVESm9jRkZHVUVOWVQwOXlRV1ozT0M4MlQwSnhOR1ZKY0RReldISXpTMDlqVG5aVGRHaE5hek5sVmxoMFpuaElRbmRPZEVOTlp6RTVhSGR2VTJKSlpIZHJPRklyZEZkdlZtSkdkblEzWTJOMlMyZ3ZaMFI2WnpkamRYZERVRzFSYlM5U1NXZENOVWRRZFZKWVRtSXJkV3czZW1oYWRUVktSMWQxUkRsdE1sRXhiRFp5WmpZMVNISkhPUzlOY0VadldWZzVORVZLV214SVkyNWxZbkp6U0Zob09DOU5UV3d5VUZneGF6TnlkVXBoWVcwMk1HZ3paRTVoZFdvMVJGbzJjVmwyUWpoblF5dGxkM1Y0T1hjeE5UazFValJGV1ZSclFrTjBLMFJyTm5aR1YyOXJaR3N2UnpBelpHdERSVVk0TkVWd1ExaGpPRXRtUnk5TGEyNVlhV2hRWWs1TGNuYzRSRVZvWmtGSE4wbFlUMkYxVTNZd2J6bG9ibE15T1U5emJXRkJTVWhhTHpoM01sWk5WVkJVYkd0U01uQkxTa2RvVUhOQmJFWXdTSE14UVRoUU1WYzFiR015WkVwT05HZ3ZTMHM1UzJKeE1TdFNVMGxMZVhkM2FGcEVNVEpsUkVnNVpVZHVURFZTTDNkdlpsaEtObE5uUWtvd2NXVTNRell5YmtSdldsUlRiM1JqTURWdVJHOHpXWE54U1VrNFZFWjFSVUV4Tms5dU1EUjVSaXN6WkZkc2FEQnJiMXB4UW5GUVYweDJWbE5yTldkM1VtSnNSa0U0ZWxWNU4wcEJOMFF2TVRCYVJFOXlOWEZJZFdGUU0zaE1MMHd6UVdWc04zQllRMFF5Wm1sRmMwOTJSamhYYlVwUWNWSm9jbVZYUWpWR2RqQkxRMnRNYmtveFJtcHVaVXQ2TlZWV2NFaEtabXBMZWl0b1dFUnJVREpvY1ZwSlN6bFlPSGRwTlVvMlZsRXZWbWhuY1V0bFFuVlJRM1ZFTkhWSGVHRklXWFIyWlZaNWFrdE1hM0V3V2poQk56ZHBTalZSVlU5aFdXUnVPVzEwU0VGNk56TllOMkp3VkVoVlpXcDBXRFZKYm5oTmNtUkNaWEUzUWxKUlNteEdZbFZsVnpJclVta3hSa2hNZUhkU1F5OXRhMk01Um1GVlJqWjRSV05JVUNzdk5HaDVVemxDYUZCM1ZtMWtSRFZwVDNSdlpuaHhUelkxWjJ4U05HNVRWMlZyZFRWNFJqVlVVV1oyYkV4aldsaFNNRlJpZDB4SlV6VnlNbGx4VW5Rd1ZYWXhVVE5QWVRsVFpsSTVUVlJHSzFsNVdVNUhRVWxpU1Rsc1lVTjRjM041V2xZNU1HRlVTMGR6WnpsNlNsbzRSMlJJUlRab1pVWmlUVXMwVHpKaVVsRm5OMVJsV2t3d1RqTlVaMDF2YUhsU05YbEVRMEpOYjNKNVMxZGFMM2xsVlRoQllubzRMMk5tVG5GM0syWmtlRzB3V1hkVVZWQkhhMGRxUVRSTGNEQlBNSGsyTTB0dmJsUkJhM1l4ZEdGVlRHdElaWEpuT0V4U2JscEROblZSVW01RE1WWlNkMUJ5V2s1Uk1FVlFOUzgyVEROdlpHdFZPRWx5UzFWbVVuSkhRVWRwYlZkTEswNUJlVUZWYUc1U2EwMHlaVTkwUkdGRFNERkdXV2RaWm01WmRsWnhWMnRrVGtSclJuWTBibEl4WjI5RFJFbEJTRFZFVW1KblFubzVWWFo1YzJSbE4wbHNRV1pIYXl0MFNHZFBOblZWZEdsdUwycHNTM1ZXT1ZObGNHRnFNRzlHWWt4Sk9TczJhRkZGVTNZdmRWcFlja2xMUnpORmJHRk5XVzFLYVRKRFdUSmtlVXRzV1V4bVpUVkJjblJrVGtaT09VVm1TRm93VjBoeE1YUkxNWGMyV0dFeGNuWkVhMWRaV2tRM05IQktVVUp3ZG5OMGQwdEJUVlZaU0ZseU1qSmlSVloyUkZscFNqRTNiQ3RQTkhabmVXOXhPQzlvTldGV1JuRjRSa05UVW0xVWNtaFRVV2gwZWpOMFpHUkpNelpoVVRoSWQyOUNWM0JzVmpaYWNYRklaMjVDZVUwd1VrOUdhSFZ3TDJJNVZqWktUMlY0Wm5Kb2FXMUJVR2sxUTNweGNEbDBTVkJaU205d1JtUlhMM2RyVEZFNFNXWkJibUYzVDBWcVVHSnJXWEpKU1dGMGFGZ3JVMGgxWW1aTkt5OWtPWGR6YVZwRVFraEJaMHhsVUZsNFRUQlpjVXBLWm01aVJWVklhakpxV0RsYVlYbzVMemt3U2s5aE9WZGhOR2R6TVVVNEsyWktibU5VVGpoaVExRk9Ta3BVZW05WmNXMVBjMVZ0UmxWM2VYUk1SMFpyUm5BNVpGVjNhU3M0YmxGTWVtTnRibWd4ZGtSbEwzZHNiM1JWZDFWeWVtVnpSRVpoTmt4aGEyaG9aVlFyYzJWcEx6Vk1ObWxWTlRaSmNubzBRbEJtYkZOek5WSTRTRVZTVFRCbmQzbFJOR0p2V25KR1FXMUlSemRGU3pST2EzQkdTbE0zTWpKQlNEaEhMMFZWYzFSdU5GbGFSV05FUlZGWVNWTTFTQ3RETVVaNmJFSjFSa05PT1hoS2VXaFlNM0pZWjNKcVdYbHdSVFJzVjFSRlVWVnpjWEZCVkcxbVZIWndSREZaVGpkWk1DdHBibWQyVTBsSFRWaGlObWM0YUVGemRscHJNSFJWYkZkR01XWTJUR1psVVVkeE5XUnVNMmxaWkcxT1lVdHVWblZNTjFOc2IyWnRNRmN5T1ZjNFlUQmxNRFJ4VVZGVmN6WlpiR1ZSSzNBMlVXdzFRbU54ZW1SeE9XSTFiakJ3U0d4bEszTnlia0lyYWxSbmFUbEJjelJDV0U1MVJqZEtkVkJrVFdZeGJYQTRXV3Q1VlVKck9ISlpTM05UVUhSM2FETmxZa3hTYkZCUVREWnBXRmxLZVVVMFNqaEdkMlV3WVZodVZXeEhWaTl1YzFwalIwSTJUMFJJUTNWSU1sa3dWWEpXVWpScU1XMHJRVzFTVlZsaFVqVXlaamQ1VUVOVEszaDJlRXczTWsweldtUTFZeXM0YVdrM1pFdHNWVUpMWkZKRVp5OVFUWEIxVUdrdlF5OUlOMmhKWkN0UVV6RnVUWFZPWVRnMU9UQXdjVUpoZWpSTWJsSjVaVmRTWkhoNWJqSjFhemhHWkRJNGIzRlRaR0ZUS3pWRlZEaDNRWFpxVUV0R1pWUk9lRTgwYjA1SVZ6ZEpkVmxSYW5CeVZXODNiSFF3VTBoM2JHcFpNbmxpYzBreGVrdzVUMGRUV0hSUWFsQnhiMDlwT0hWdFVrRlZWbHBRTlZoMVZVbFFSRTVRUTBKRGVFb3ZNblJoZDFwM04xTnhRaXRHWms5VWNFaFFaRTFXYVRSQ2N6bEdUVXhuYW5CU1pUTXZkWFpwVVVjM1FqWXlWVkJwZUd0dmNYTlBSMXAxUlRGWFp5OUNNRGxZYjJFMk4yNXZSMGhJTVZGa1dUSkpWbGt4UWtkWlJtY3ZhWGgyTjB4NU9ESnZlalJESzFOd1FtazRjRXA0Y2s1eldWVnpkbTVLWVZBNWRWazVRVzFGWkRaQk5VbGxSR2QyU2tObGN5OVZSVXhQVEhaNU5GZENhVmMzVG5wQk16QllWRmR6VUZSM04wVk5XRUpJU0VVeVVrUnRWSEZ6WTJSVWJuaGxXRXRvT0hoelNuZFVORWRJYm14R2RHSmpRbTlhY1hOMVNXZHdNVkJuVTBSTFVUSk1WV3hFUlV4ME5XSm1OMmxKYkVacVJUSlJVekpVTVV0ak9HNUVOakF6ZEZCblNXZFlSVU5RTXk5WGVrOVhlVmxGT0dFMFozQnZVVEZ6WVhKWlJrbDJiVkIwVUcwNFZERm1RbEZFTVVkSWFUaERjbEZtT0U5dll6Qk9VbVZrTUdGUmRUZG9LelZxYjJwU1dITnZhSGxZY0dGUk5EbEhZMmd4WVd0NFpIVlNNR1UyVkVkQlVIRkxOalp1YVdSbVNETjZjMVUzZEV4UE0wcEhOV040VFhoVVlYUm9jbk5uYldsdGREWmxWbVZNUVVOdlUyeGFlWE5UVTBsTE1FRjJhMkZOU2s0MFVVdHFjRmhsUTJkSE9IbDVjM0pNYmtWRE1XeEtaM0pCWVdWRmFHMXhMMFZ5UTJWS2JYRlFlblZLUlhwSVJuVktNVFZtZFZSRVl6UmxMemxaZERBM1FqWlhjVEZoWjBWVFRXVjVia1pOYlRSeFdscFpjMkl2TjJwdVZDOW5ZMVoxZFU1bFpsbERVbVJ2VkVaSVpIRm1iR3hJTlZOQmFuaFRWRVozVkhNM2FHc3hiV2w2WkRGSVJuTTVOUzlJUTJoaWN5OXBXa1ZKUW1aeU9DdHBNVXhFVldKa1l5dFVWVzl6ZERWM1UwcFVNVmc1UlVac01WSnZjRzEwTmxsTk5FbDZkMXBKTVdoQlJHTjFSbGhPWlRBeVRtSldUamhOUTJWWFdXZG9XRmcwTUUxelZrdHpLelF5YVVSM1lXWlhaWEJQY25ORFNIZFJUbWRXTW1aSGExbG1iVmRrWkROUlFWVTFNM2xSYUd0U1V5dDBRbTFaZG5aRlVXSkdkR2N6WVVSUEt6VnVaemh0UWpaNVRtcElZMVU0U1dGNlMwRlZiblpJYmxKR2NFNWFTVUY2UzBSTmExSkhiRmx0VW13clREQlFRbkpHYTBkTWRuZExlV1I1TUhwNFJrSlBNbUYwV0V4aE1sZ3pXalZyVG5wcFZsbDNaVk5PWlVGbVoyOUpaR2xuY25SMllqQmxaRVZRTnpWMlJVWnpUMlJyYTJjclVUTlZOM0JSVFZCWFlYSjFWR2QxYldoR1EyazFXRzhyUkVkNU1qSm9lVGt4Ym1SUVRXcEhPSGt3ZG1GUGNYWllSblZ3WlN0RE16RkJZMFo0WWtwc1FrZEhSekl3Y0ZSRE4zRnVOa2g1YVZjemIwUmpaelZQWTBKV1FYRlZSM05YUXpKRWRrTXpZME52VUd0b2RrOU9kV0V2ZEdZMFdFaFpOSEowUzJGc1JtNUxNREJVYTNCMWJXbzVXV014TVZWRVNWZHNXV0ppTUhoTFUyOWtNRmhqTm5GS2JsVmlNMnh2ZFhWRGRrbDJMMmxGU0c1a0wwVTVSMDFXYVVwRldHNUxaVlF4T1hWTmVqUlJNRGsyWldsTGJqaHFSRmxVWlRsMlUwZ3hNSFY1Tnl0SU1ESkJSRUpFVldwNWEzbG9RbFpOZVVaM2REQlpWV3hUYkdkaVZtaFFLMlJWWjNORWNqRklkVXhKTWpsdVdsVTVZWE5tZW5abmFVZFJXa3BHU20wMU9HNVlMMHd3ZDNKeU1GVTNhVkZrTTFGd2FISTVVRVkyWTFwUVFrRldSRU5DWTNGRmJ5ODFZbXMzTDFKc1QxRjNWR2xMVVZOWVZ6bE1jRzF6ZUdkbE0xUkJVakl3U0UxTGJUUmpPVkZ4Ym1SRVdURlJSM00yVWpWSFZ6WTBNMHMzYmxCWmVqYzVOMmxPTUM5QlJFWTFaM05VY214SFZVOTRkbkZKVTJSalZFTkhNemRHT0d4dVVITkxZMlZpWms1WmVGVnlTMUJyWVZWUk9ERmhNa3BhVEhsQ1R6ZG9VRFJKUzNseE5FWjFOVlZhVVdkcGFETlRVemxVVjBoUmFDOXVlR3RXT0Rnd2JuVmhRMGt4T0RNMmVUZEdTVk5WUldwSGVrdHlaWFJ2WlRGVlJqTmpZM0E0VkRkTGFuUkdXakZ3U0ZoWGFXRkhlRFpvZGpWSFRIbHJPVmcyWVhkRVoyTkpaak41U1dObE5XTlhiRGd4TTBOUVozQmtVWGszWmtSdFJWUjZWalZXY0cxeWNuQXhkRzV2WWtKd04yd3hkbGhrZEcweGJtTlBaM0pyUW05a2RqSk5UMlZ5ZERKS1FsRlhSSG9yZEdKS1Uza3pORWROVG5sSlNHMHpTMWg0V0VaMVUyeHphbVZwTTNKSk1taDVVVUYzZVZsSmQxVXJSbEV5Um1ka1FtZ3ZZVWR1T1U0NVlub3pjR2hEVWxWWFZIUllMekF5VWs5TUswWTVPVWxYUzFsRU5EbEJUMFZXTUZsVldFVmhORzUxYzJOTWNIQlVNMUJsTUd0aU5HZG1aVEpwY1VoRmJVMUJNa2wyUldwVWExZDFXR0oxWTNod2RraHNiU3QwVVdkd0wyWnVkRFptTlZSekx6Tm9VRkZ4ZVdWNVVrdExielYwS3k5dGJqRkZWa1ZsSzBwR2VHNVJXVFp2Ym01cU9VeEpjV3BNVFhVM2FsWklWMWRTVURGVU4xRTVla1FyYkRaa1RTdFJVazR3VG1RMVFsbHhlVmx2Y0RGeVlXOTRhVUkyYm5KdlpXSnVlbWhWYTJSRWJHZzRRVlZ1WjNReE5XVkNPRnBzTDBGbWJUUXZNSEZMUjNKdVVtZHpaMFIxUlU5SVdYWmllVUV2Y1VNemRXSnlMM0VyTURaNGVGTmpkM05FYlROek5YSnhWMFJ6T1dNd2IzUjFjamR4VEdsQlVXeExNV0Z5YUdGU1JrdEZSeTlZV1dVM1owNXdLelJTY1VWdE1XSTBaSGNyTTNoYVRVb3piVWRqVEdob1lXeHFjVFZsYTB4dGVsbEdjbG95T0RZemFqUXlUQ3RPVDFwRE1IWlNhMXBLY1V4SGQxcHpSVmxxVmpsNU9HRkhTVGxUUlZNd1VYTnpTSEF2VWs0NWIwdGhUa2QyWnpaS1ZFUTJTM2x6YkV4b1ZGVkZjWEZ0TW5CVlNtVnZhMlpzTUd0aWQxYzBiMEpCWWxObVdGTlFkRll4Vm5sSVNUazFSakJEU0RZcmVpdEJSSEZYTmxSdlZGcG9UbXBLYW5kSlJUUmpOMnRTV21WRFVWVXZZakZRUVRBNFRGQmlTRFUwTVc5blNFeEpOelZQUVdwR1VsTkRXVUZIUm1oTE5tWmpPVzFpUVVSVVJEaENlSGhFZWxBeU1ETTFNSFpvWm5kWmFqQjFSbGRYYlZsblZWTXhhVWRZWlhVNWJIbGlhWFpJVUdSTmMwRmhRMnB4ZFRnNFpYZGxlRTU2TldGbFkwTllVelZNWnpVMGMwWlhjVTQ0U1ZVeVowMVFaMFpLYUZwbWFqTlhTVTV3VlRGM2VEZFlMekpRYWtjcmFsQlhRV292Y2pkdFpqSnlhVEUxZFRoaFpXaDFUM0ZKTTFSSmREUnFkVFpZYmtoRWNXRTBWREJ1VlhOU1EwdDBTVkZsT1VKckwwbzRiWGxMSzBGV1JWVkliRmd3U2s1NVIxRlBWV2g0TUc5WlkwTk1Sa0pPT0M5aFZtUXhiVUZUU21oSlpucFFhV3hHYXpjMlVURk5XV0pFYzBNelpXbDZhMFZWYkRJMFRuTnFPWGhVTmpReFpHbGpiVlJYUTNKdkswRXdVRXQwZFRrMGFIUnJka1JvV214SFNXc3hka1ZPV0hsSk5HTXlkVGMyWVZCellXVXpiVWhqWVU1clZqaHFOR2s1VDJoRE5WSmFSMXB5YmpFcmExSjVhV0ZrYzFSak16TjNiMFpDV21wU1ZYVmFNbEZ0UlV0bVdXdEVZeXMyV1daV2NsTkxNVlI2VUVScVFrbDZTbXh1WWpadlZuYzVjaXQ2TVhGSVR6ZDVVbTUzWlVjNWFIZzVPREZGZG0xNGFGUm1UbEJHWVVsMllYRXpNbkZGZUZGaVVHbFlVblJRY0haTlRrRnplVFpxV1ZabGRqTm1TbVI0ZVZkd1VqTXhjM2N2UVc1b1pqaFdiQzlYVm5SYVZpdG9MMVpCYTNOblRWUXZlSEY1VVhwc09UZzBSWEF2YzBsR2JXVXdSSEppVVVkcmJIbzFSSFpJTTJObFZUSlFja3BTU0VGbVZFUk9OWFZNVmpSdlR6QnBWR3R4YW5KeU9WRmtRVmN5WmpKV0wwWTVZMVI2YUdOSk0ydEljelZvTkhrM04ybHNlVVJsVFZkTmRtRkdhRGRuVDAxSGNHZHRkVFprTUZCYWRteFdhR3R1Y0dOVU5FeGlSRkpOZFhsRlkyeEZjbEZqT0RNdlRqVXZORnBYVG1kc1FrZ3dlWGxQWmxWaGRXOUlRMkZ0UzJWUk5VWkNhVTVoWTBoVk4xVTNTRlI2YWs5VFNuVm9WRmRYTUZGSGNVc3dWVm95ZHpRM1IybGtZMDgzUzJ0S1owRTJkamRSU21WQ2RqZDRSWGcwSzAxT1JrSlJNVUV4Y1dKWFIzQmliSGREWjBaNGVrcFdSRVpXTkVRM1RtdDFaQzh3YlRsS1FXMUpkRmhITlVKc1lsSTJiMUp6Y1hCVVVXSnVhRlV2UjNoRVVUTjFaMlJXTUhkcmVHRkdWMnRDZEV4M1MzVkNZVGxSTkM5SFIxbzFaMlZoY1ZCRGVFaFdOM0JZT1dkM2FVY3JTR2RNWnpad1lrRnZMMHhZV1ZwUmVYaFZjMHRxWTJ3eWRtWm5ablp3UzNWd05ISTBkMVZhTUVOVmVIaEZXVUZIVUVwTE1qSlFORGRHWWpCaFNtZFdVR3QyUkc5YVZGTk9helZTVjNGb1NsUTNURGQ0U0hFeVQxWlJkVEJCYlhsWVZrNXJXR2t3VGxVMVR6TlpWWFZpTlhwR1IzUnJlR2hWVTFOS2JuaE9UaXRQY2xOemVFZHRjSHA0VW1kUGMwRlBja1ZQVkRNNFJGZHBZMk5GYm5GUGFuQm5RVk14V214aU1ubDZSSEpGTm1wdlJqSnFObUpXYjFoek0zbENhRkpZWVRjMVpWaG1OMk5LZW10U05sQk5jRFpHVkdaelQwRkhUekpMVVZZd1kxUk1TbnBsV1dremNETTFkalZXYld4TVVucEdMM1ZLUkVKUVlYQmpabXA2Vkc4MGRHbEJlWEZ4Y25KTWMwUTRVSFJTVVVsNE1tZGFkRWRGYzJ4UVUzUjNheXM1YVROcmVGUmxTMlU1VW1rMWFYVnBjR2d6VGpSYVFrdzFNWGt5SzJ4RkwyUTRSMjAyTTJ4cGRtSklRVE56UVVsUWRsRllSbmxxYUN0b1NHSkJUamQ2UkVJNVVrZFVlRWN5ZDJSRVluTm1VM055V2xoS1JUbFpUazQzZG01V1lWUXdkVEprT1V0Sk0yOU1TMWhSY25KdlRTODVaVTk1UkZSbE9HazNibXBuZEhGaFRFRm9abTRyYkV3eFNHWXlhVTlDVTFwb01sZHZPWFpQSzFJME1HeFFNakZ6TUU1dVRDdGxhRGxSTDNkWVJDOHJkME0wWXpoNVMyZFdRVFJzWVhwaFdETmxaUzlPWkVOalEzRkhjbHBZUm5WdlpGSXlRMWgzTlZnMVV6RnljVXBqUVZKdFZuVnFXaTlJV0hSNWVpOXNUMkpQUzA1UFRWZFNUakIxWmpoNVNXVjJhbEl6WjBSbGNrVnVLMk5UZWtrMVRHMXZhV3hJWjBoVmJXZENibGRqSzI0d2RuSXZaRGx5YW05VVZIUkJVVmR1ZVhvM1ZuUlpSRFpHUkVvMlZFRXpSVXBDU25waVQxVkpkRXd2VFdObFRHcEpZWGhQYTNsc01FSmFOREk0VDFkaVoyRmpPVGxqYVhrd1lVVmpWek42WjJGdmJWTm5XVzR4THpSWWJ6VnpXWGx5YVVKdGEydEhRVUpMTVU1UU5sYzRSRmswYkVFNU0yWmljVmRRTldGbVZFZGFRVUZvVjJaa1RrUldaRkZrVWpoQ01pdFpjM2hQYm1KV2IwZEZURmx2YmxOd1VIRTBNVEk1TTBFclRWaEpaV3RTVVhGVll6WlpOMEZaYXl0NVZHWXliMjFsZFZkQ2MzbEtSRWxIV0hndmNGSjBNVVZxWVRSS2RrbGhUWEp2YjNvclZXMUdWVUpOU1VWR1ExSlhNMnBzZWtKek5GbFlWamRFUTBaME5tbFJTbGNyZDBRMGNrMUtVR2hTYWtsS1FVZFJlRFZFU1VWWGRYWTJTaXR5Y0RNeWJuVjJjRFJNTWs4eWJXRnlWWGc0TWpsNFFtVkxVeTl5UVVFeFVISjRSMjlPZVVOMGVGbDFRamRYUzBwR0wxZzBialIzYkhWdlZtTnBTa0pUU1hKb1NFUk1iM2NyUVhGRWJrSTNhMGhUYUU5Rk5tZ3lOR3AxVjA1MWVGUTRNa1JrVmpCSk9YWlFZakUzVFRCNlVpOURWa3R0TjFKcVZFazJTMk5qZEdoWFlVMXJUbmtyVTNKYU1VeGpiemd3UVRGdWRuSlVRVTVVU1hRMFUya3JWMDUwVFVRMGJGWmhhRFJsUzNrd1NGUkNSMEoyZGtsWFNDdEpPWGxwTWs1dlVrOUNOV1JZWjFsRU4wRXlNelUzTjFkS01HZDFSMVZ2UlVSVVYxQmpUbnBOY0dKcFFVbExSRk4xVVZFMVIxYzJjeTkxYzB0VGNrZGxNRlJtVUZkeFpqVjFjVFZ2ZVVSeU1GTXlZVTFaVUhWQmF6bHBaVlY1VkZNM1RrbDJjR2MyT0hBd1QzQkNaeloxTVZwRU1EbHFXbkptVGxSVloxWk9RbmRhWm1SV2VpOURWUzh3YjNaRmR6QldlV3RtZUdnelZrOHlWR2xaVFZnM2MyMTZLMUJXT0ZKTmVtVlJVRzkwUTJORFVTdG5RbGRNWkZvclkxaEljMDlrWlRKek5UWjRUbVpWYVRocU1GaHdSWEZJU0VFNGMyNTBVazFMTDBSaU4wVkdWSE5uVjAxd1l6Qm9hRUpDVm5selNHUmtiR0l3UVhsS2FqUkhkelpzVTNWQ1pFcFVZV0ZHTVhCcWN6WnVVWFJvUmxZMmEwaGpVMEpGTTFwTFpXdEZUeTlwUkdWalJsaEJiVGt3WjJnelZVUnpMMkpwUlRaYVFuWjFVMGRtU1VVMk1Ia3pabFY1VlRWRlRVa3pRbVpLYVVoS2QySTBZamhRZDNwQ09XbzVNR1ZxT1ZoR1RVRkdWRXhJV1U1ak5GbHVSSEpITm1WSlJuQm5UMWRsV1ZwTWEzVkRXblY1UzIxQ1VUaEtTbmRKV0dobFFsbElUR1VyYjB4RldqRkVWMmxLTmtOaU5sTldPV3hoVDFwdU4zSldNSGRNZUZCTVZrdHdha1JhUVhGc01GaFBSMDVQU1VkSlFsRnpTVVpqUVZaTkszbE1UWFpLYjNGRFQyRk9OVTVWTDBob1lTc3phMVF4ZVcwMk5FNXhhVkkxVUVoWUsxcEVNbU14YWtSTVNsaDNOa2dyV0RSTFFsUm1hR1ZMWVc5VGJtMVpUV0ZJUkdjd05qSndNVkpOY25kQk1HRkNUR001TkhkcmVFNXFiRGx3U1ZsVWRYSlhZa3RWY2twblVscFRjVEF3V1RFNU1qTmFjMGs0V0VSeFVIaEJhMjlEYkZadWMzTlhWbmdyVURkVFV6RnNNV2huT1c5aE9HeDZRMUZXU2xwWmFWaG9ibFlyWWxreFdUTndZM2huTkdwdFRGcEdRV1Z1TVU5TGNWaG1lVGhpUWpWMlVXdzFhbWhESzBaWldHOXdVR2t5UlZsSVdrcHpTbFpGVG5jMFprVm5Va1I1ZUZoaFNHb3dVbVYwVjNaaVMwZ3dRbGxrVG5ZMEwwWjNTbXBJTkRsVVF6SXlha3RETUdJeVp6UkxRWFYwVkV3cmMyZGhXa0ZzTm5keGNVcHNWamRuVFVvM04zSXZjV05LSzFSU1lYUXJlWGM1Ykd4ME1HUjVka0l4YVRRdk9FeFNNbGx6Y0hRNFZraEhhV1IxTVV0RlZVMXpiVlJCY0VOMGRqTTBRbmhSYTA0MFZIZHlVbmgzTDJjck5XUnVRMmN4VFhCYWRrZzVkbmhoVkRkWk9WSnNiMmxKVFhjMlRYRkRhbGxKUzJOV1RVeFFWVXcxVTJRNGJrdERhMFZ4ZWpJcmJrRldZVlpEUlZCWVlWUm9PRUV4TkhBM1ZtcE1SbmswVEdOTlVtUmhkbWROYUc1U2JDdEJNVUV2TlhkblNqRndTa3MzUnpaVFFuRkZiVmxxT0Zac1ZIUjFTbUZyTkRWQldFbE1UVlJLWlRJdk4wUnJaMnMwVkhOblNESlRNRkpYT1hwVmNVc3ZORmtyUW5SUWJHaGtWMjE1V1hwT1JuRk1TSFoxWjJGUkwwTm9ZbmxrYnpaMGFHdFBXSFJ5V2s1dGNYVjROVVptUTJGMGVVWjJZa2x1YTI1aGJYbGFaaXRKTlRONmVTOTBXbkoyYVRsQmNuUkNTRU12WlRGQ1FuTllVMmRsT0hWdVlsSnlUVkJvWlhWc1ZEZGpNMFJtY2xaYVVHZENhVVZCVUhkT1FrbFdlSEZhU1ZsTFNFMUJVa05MZDJ0RFlta3pVMDF0Y0NzNWRVUktWR2h4TkN0Vk16SkpZbUU1UkRWcU5tdzRXa0p0YVd0Q0wwNTROVTFSYlhkcmFXeDRUbXgxZHpKQ1dEWnNUMFYyTDFGSllraHlWVFZTYkZGb1RUaE5WakZyZWxWT1oxWldObE5QVEVGUmRrWmxaamMwT1UxblNHaEhPRnBIUW1remRXTjNWbWxtVm1Gb01FWktXVzlWS3pCT1NFRlJNbWgzTTNkNVZqbExkRmRIT1cxME1HbFRLMkp1TldGM1JsaHljM0ZDVjNwYVpsTmpaR3RXYTAxSlptWjBZVTlEY0cxUWRqbDFVRkJaTUdwaVNqaG5iMHRFUkVreGJIQTVZek5oS3psTWMwUldlVlJFTW1SUVVrWkpZMWRTV2tvNE1sRlhlbWxCYTFOS2J5dE9LMFJHV1ZGUVNFUXplRXRKTVhoMVowVnFUV1ozTkZGUFJGRXhORFpVVEhFeGNtVkpVRFZuV0ZCa1pGbFlaakpXY3l0WmEwNXdVemxtYkM5b2JFbElPR0ZYWjI0eWJqbEVSSGhLUVZKUFkyWnFNVVZoUVdSdFVtUlNjbVE0YTFkaFpHeHRNSFpYYm5ZemFpODFkM2xRUzJOdmFtZHBRMmhVV1ZjM2JIVkVTR1JwUkhOTEsxZEllVVZKU0VvdmNtTlhWSFpHUVdOVWJreHlXRUZUU25Jd1NFeGxTbk5PY0RWRU5VZE5hMGMxWlcweFlqSkhOR0Z5V2tSdWNWZHFUM3BtVVZCTWRXWmlZbWxTTnpOVkt6aFhSQzk2ZURkVU4xRXJjM000TW05NWEwMUdibVJyY0RaNVdVZHlOVWRDSzBac1NGUnFRVkZNVGpoRmFtMDRaR05oVUVscE4zRnNiUzk2Y25aaE9ITm1la2h3YmpWeFIxWmFTblJLZVhOcU1GbDNWVWcwZVVzdmFqbE5hR1JST0VWUGRETnlaMUIzYUdoT1EyWnNZbk5MTjBGcE1EbENVWE5wYm1kc1FrNVljVGhLVTFSWmJucE1kMlpDU3pob1ZYRm1WV2htZUZoUGNGcEVXalJrWXpoaVlYUlFNVTFxY1dsSlFsRkNLM0ZUUWtKWldVcERTekprWTJjNE0zTTNOVWxtTlVkVGJHTm5ZWGhRZWtwR1lsUlpRMVFyT0dKT1JGVkZVM0ZJVEdab1ZrRjFMMEZJTW5CU05teG5VbEpUWWtOSGFWWm9WV1JCZW5aSlNHNURTRUp4WkRONVkwRlRiM0pIYW1JMGJHdFlMMjFpTlZsTlExazFkemR1Y0VSNmNWa3ZUbHB6Ykc1TFExaGFRV2x0WVZWR09UY3ZSSFpUY21SaVMydERLM1ZEVlZCNGFXcGtPRWxZV2tGdmVGSkRReXRJVW5ZNGNuQlRlbTFpV25wVVdYZEtTR05QZVZKdGVrRlBTREpPTTBSRFNVNUpUSEJHTms1c1NIVlFjVEpVZEVjeGRWcFFjM0l6WmtZNVYxbENURFZCZFhkVWRVaE5hVU0xYUhSNVZrMUlZbXgwWjJkaFNGWnFZVTVrTkc0eUx6UkdUMjA0YkZGMVdqUlNXVVZvZVVaamVucE9OM1kxUlhRMVJUbFhLMUVyZVROeU5YUlViVU5QZFV0YU5FcFdOR3huVTFGb01FTlZkWFpuUm0xU01sVjBkMWRsTDJSWFUweE1hbU55WVhwelNGUklTVzlqVUVSRFZYUkdaalZoZDFsWmFFSnlZblpFZUUxUmQwTlhWMkZ6YjJaRVZXMVlibkJJV1hoTWNXa3hZa05hV1RaeWJtWlJkVGt5Wm1OT2RsbzFSMnB0WW1wSE5EZFhlVWhGZURJeVRsUmtUVTV0VWxFMFNFZHVUbTl5ZDNaa1RsVnhZVVpTVTJOd1ZHMXdUbkJ0VW1rMmNuSnBRa2R5WXpSSGEwZGtSbTV2VnpkbWJVOVpNelZLZURsdlMyWndRak5EV0ZRNWJVTkZRemhZVFVaa2FtZEdjalpOY2xWaGRrWlFkbW95Tmt4UGNqVkVSbUZwUjBWVVNreFZUV3QyVVRkNWVHMDBOMFZoY1RGS2NWVm1kMjVYTWpkVVVsQklVM0ZwVmtvME9GbHpkQ3RETDJNNVUwTXdTVzVXVkVwMVRtRTNUMVZhV0hKV2RXdGxZMEZZZDFKR1kyWjNUV3h1WnpNNWNFUnNha05YU1VsVk1qZFdZbHBIYVZSMk56VXJXSGhGTlUxSlRuQllUMUptT0ZSMFMwRnVlbVZOU1ZSSFZtdHFjamRQVFRocFdpOUdhRkZ4Wm0xbldGWlFjUzlWVmxaNFl6Sk1OblpEV0VSVk5YVnBkMmgzYTNwRWJsSTRPRTVDTm1GVVltOWFiRzFJU25oQmMwd3laRzVrU0hWeE0ydENLMnAwVUVWYVFYRlBPRlF2TlZwMlNVWlBUbEJrV0hCb2NFUlBWbVl3V1VKdlJtdEdkM0ZEZG1ab2RqQXpZVzlLTTNGS00xSTJXWGRSTTJGVGRURm1ibHAzYkZKMmRVWmhheXRzTjJNeGNHRlpVSFpLUjFCbVVXY3hOR0pLU1VjeVVEUjFiemtyUTNJd1JXMTNlWFJOVjBjcmFtSmlPVWhtZGs1cGNHTjJPV1ZaYkRaUlNEaDRVQ3MxYVd0dFlWRktjemh4UzJWVlNrSkdVbkIwSzNOT01HRmhTMjFXZFZkRlVTOTVlVTR3ZFd0bGRXVmpWa1JSYTFCQldscHZVMUIwV0hsVVJrZE9NV1pJYUU5M1FtdDZkbk5IVFVaNVZGbE1kR3N3V0c0clZtczRlSGxXYlc5blFrdHBaekJqZVZOMlZHdEpUbTUzVlU4elMxVktWakJXWjBaU1RXY3ZNMDlYVEZVMmNWTmplU3REYjFsR2RqZERMM0ptTlU5R1pVNHhXRXBFUVdvemFEWXdWR3BWVjNCdFVUVllPRTV6WkZoQ05tVjFURUZaV1RaUk5HVjVXVFkxYTJ4RFIwZEdTMmxGYmpGSlJHcExNRWhtZGt3cmVYVnJkMVoyU0dKQlYyTlZhbUUyY0dsMmRIWk1iM1J0U1U5VFJEaFNSV2cwY2xaNk1GWnRSblY2TkM5QlRVbFJNRFJGY2xSMGFHVmlXbWhTYWxOVmJEbG1UVXBoWmxkNk1ISkRkakpXTVROTE0wd3dkVlJoUlVOTGIwSndZVmhyZG1OblJXTkxVVE41VUVWMWNrNUhOMWRpVEZCUlIzTkxZMDUwTlVSbVNqUk5ObU5wYzFwRFZFdEpWMjFPWkdSS1duVmFiMGxGTlZGd1FtWk5aVVUyZVd4RVdtSkJibGx6VjFoalkycFFkVkJNTkhWTGQxSmhOa0l6ZWtOb09UUTRWRGxvVVRoU1IxRXhaMlp2Y1NzelN6SjFNRWhDYWpreVNHNXRjelJwY1M5ME9HRm5OMlZTSzAwME1TOHZXVWxtV1VWTVFTODFRMVpTTkd0dU1XRlRhMmhaT0ZCblZUbHVkVVl4VDBGc2VUbFRUWGR5TWxkU00zTTRjWEIxYldwV05sRXpVREZWTlRoRFduWlVPRXAxTDFkcFNIZHZaMFJGYldaU1pUVnBSMnROWWs1Q1dVNUlZVzFNUkRoWU1tWXdVR2RVUWxCUllpdEhWbVZzT1V0bmMza3JWSGRQTjNCb2RtSklVa0puYmpOQ2IySndWV3hYVERRNVdrOUJZVTB4TTBwVk9HVnNXbE5uUW1SR2EwVlRUVE5JZGtoSWMzcE9PRGxQU1N0Qk9Hc3lkSGRaT0RGb2RrSnVkRFEzUVhwUlptdHJibGhyTldOa2RWTk5XVU5rYkdveVlqVnRhVWgyYzBKWlRqZHFWM1psUkU1bmFFWnhjRU54Y0dJMlpsaEdLek5tTkZkeFVFSnlObUZpTlhGTFYyVm1SVlJYZVZjeGRIcHVlbkZqYWxGR2NWcHliMUVyTlRGclNHY3lSMWhVVUN0VlFVeEtTU3RCUVc5YVZUWktWR05HTmxCNmNWVktNbGcxSzFZelkxUm5VR2hEZFhaTk1UWjNNMnRZZWtkTVVFMTJlbEF2YkdKM1MwZGlRMGhRWTNaU2NuRkxaMWs1TlhsVGQwMXZjVE5MTkdneUsweHRZekJSYm0xak9IbEZTRFZqUkZWSmQzRmxkVlJ4VjFCT1F6aHVhbEpWZDJWaGNYUkxNMHRaZWxNeWQxa3ZRVk01ZGxwMk1HMXRSM2hTVW5VMVRUVXJlR1ZYVmxwWVkxbG9Ua2REZDB4R1JuSmxZVFJLY1dJd1JWVlJlRkppZFhRMFpGSjFNWFIzVDFndlRXUndZa3N2ZGxWdFVGVnJSVmhzYTI1blpHUjVjRzk2SzNkb1kwOTVXV3RNU1hSalduVkdhek41TTBoeWQxaE9OVzUyTjFSQ1RtUlZjU3RqT1VSUk5IcE5jREpTTlVjd05HWndjblo1U0dOeFVXNDBiMlJuT1RoT1dXaERPR0lyV1Rjd2FrMHpSelJZY1RSaU0wZzNXVTVFZVdGSFNrZ3llamhYZEZkbVJtUjVTa0owVFVWSmJVWjFVR1JYYjFKaVlYVk5WMjl0WlhrMkt6WnpUVkZGWlV0NGRUVnBVR05KTHlzd01XSlpibXR3UkhSV1RtZGFXVmcwVDFBMUwyODRNVEZNV1haVGFFMVhaRUpRYjNGUFNsbHdNaXN3TVVNNU56SndPRWd3TVRkRk9GRkZRbkkyT0VwWlVITjJiMlpIU1hGaFZrUkxNVUZxYVdSTFZYUnRNSEUyZUhkV1IwbFBSakJTWm1kTWJtNXRSV1pzVEcxRGEwOTVkbEl4VjJOSWQwOU9iMWxhUjNsblVXdDRXR2hzTVRVMGNucFhTMmhwTjNoV1duQlZTM0YwZGtaMmVHZDZhM0pPT0dvMFJVZDBZM1pxZURGWFZXSmFSWEYyU0U1V1UyZFVaekZ2V1dzM1NuQmlVelExUld4Q2VpdFVka2cxZVhsMVJqbEhXRW9yUTJkVVVDOHpXRXRVZUdGSEwxTlRRV3BvY1VKeWRHdENSbVJtYTNGSVFqaHhUWGt6Y0hKR2RGbHNRelZEU0ZWaE9UWk5abHBIZVhSNlRqSXdSa0pUV2xOblkwcFdkRE5QVm1sdVUwWmpjVU53Y0ZodlptVm5OekJpYWxsQ1VIVkJNWEpqVnpFMFNrWXZORkI1VVZrMGNWSXhVSFUxT1RaT1pWVXlkMDVTYW5JdlNEVnpiV1JPV1ZKU1JDOVJlVWh5TDFwSVduSlJSalZXUVU1VE1tSjFlbWcyZURSNFRFaHRlamwyYm5GT2FYUXpWa3N5U0RObU5GTm1hV3BtVEVwdVNrWkVabWRSTkNzeFMybHdjWHB1UzJWcVlqQlhSRlozTlVaRVdVSjJXRmQzYWtOcGNYTmxWRnBJT1ZWbWVYRnhTelo1TmxaaFQybzNTV2cwU0dSVVMyOHljMFUyYUVwVWRWSlRkRE1yVW1ZMGVqZGxORGwwVW5Cc2RXVkRjVVpGUzBwNlRXTkhlVE5vTjBjMk9UVnBjbFZsTmtjdmIyeE5iMWRWVWtsYVFuZFZNVzVrYm1FMmMybDRNVWR6WmpoVVdVOVBRM0ZWWWtsUFdGSmpNRGhqVldOTlJqQnpTWHA2VG5Sc1ZEQXhaRFJ4VkRocVUxVjVORmxxZW5CMmEzbDNSMlpxY20xdU5GcEpNWHBqY2paQ0wyODFSVGxqTVRndmVrZFBOakk0VUV0WFV6aEtWMEU1WmtSR01taHRPSFZDV25KdmJFbHRSbmg0ZG1Nd2VVZHRaMVJzUXpobk1HWTNLMGxXSzBFM2NsRm5hV0pvWmtwWlVWa3lTVkpyZG1nNGFsSjVWWEIwT1dkWlVrRjRUR3g2T0hkeE4yTndkM2hwYkd0dldrczBOMFpKVUdoMGNUSllUV3RJVTBoamJuZDVUR3REUm5GSFEwbzJOSGhLYVRoWFozaE1SRU5ETXpJd05HdENNalJCVkZBd1ZreG5ha1IxYUVORU5rMVVMek5JTWtGRU5tRk9TSGxrV0ZVemVUUlVWbFUyYnl0TGMweHFhemw0VUdKS1lVVlFXbEpoTDBWMVFsUnNjbnBuYUdaTlEydDZNa0p4WlZCNmJ6bHJlbTV1S3psQlZGQXhhR3hLVmtONlVHZDViMVF4YWxwRGJ5dDNXamRvTkV0Sk4xZDFRbWRZUVM4MWMxTnRRMXBxWlVwYVNWZzJOemxPYm1rd1NtTXlWMUpsWW5WTlUwYzVjMmd6VnlzME9VVkhNbk5VTW5aV1NVeFZVbVo2SzBOUFYyZGthSFZFZDBKT2FWRlBTRlUzYVdkWFYzTTNXSEpDV1hveWJqWkdOR3RQVmt0RU0ySnljaXMzVkZreFoxSjRNVnBsU0RWMlowRk1ObTlpUjFGbE4yRjNibWxWTWxkMGFrRlpRM0ZXYURZck9HMUpkRGRJTVZkV2FXSnNURE55U1VWbEszTkJSV0pzYTBOeU5reElkRGRvWlVJdmFHcFNhV3R1Y25sU00wOUNOSEZaV1VRellXaDJZbFkxY21sRFJISnZRVXhTZG14c1FXODVMMGR0YlVoa01WRjFhV1p0ZUhWbk9ERlJhWEptYmxjMlRHSlNWSGxZV0ZWYWJVcHNMMlI0TDNRemRtaEhVakpOWVc1SGRFcEhTSG8xUW5WVVVXdEdOek5tUmpremJFeFVTelpCTTBnMVJsbHRRak5EYURSSlEyRkVhbWxFY21nck9VZzNaV3BpVG1WRmF6RnhkM0ZwT0VoNk56QmpkVVZMT0cxVWJEUkxkVlEwUjJKdGVFVmthVzVQTDBsMWF6VTBUMWhuTTNOeVpESlNPVmxJVVhSUk5GcFZNbTFoYnpoUk5YbzJhRXRxUW1Kc01VdE5OMlphYUdkUFYyOTBibkI0TmpOV1N6WjJkalZ3VTAxU2QzRjBPWEEwWTNsaGJYVklka2MzU1VwbGNFUm5VRzFoTTFkV01UVmhMMWhJVG5jMGNVUnRWREpFWTNjMFdWaG5aV0ZITjJ0bFp6SXdjSFZtZGs1b1FqQldVMDF3UTNGYWIzbDBOR3B5VVZBeVdFVTRWMGc0T0hweU4yUlJZeTlsUWxGR2Qwb3dLMk5hZDNsc2JqRmFUVXgyTlVWeU9GaDFjM1ppVEZCcWFrTkNOekpTVW5oSU9HZ3hTRFFyUlN0c2RVeHBMMGd5UnpjeFprd3JSR1IxZUhveE1rWlVTR3RUWmsxaVduQmFhek0zV0VWeVMySTJjMWRVTVVGb05IcHdOR0ZMZW5GblUxQnVWMmN4ZDFWQ1JsTnFaMjE2VEROSFVIbG5lVEJ6TTB3NGVsSXJRMjVSU1VST1dVb3pRa3hNVW5kU09HMUllVXRqVGpGRE9WRlBZVXBCVWtOeVFTOUlNMUprYjB0UVZYWmlhVkIyTldSd2Qxb3Jha1V3TjFSQlJVVk1WQ3RYVWpoUlRrOUtPV3RNZVZaR05XRXJkR1k1Vm1GUVFXRkZLM1o1VGk5MGVTdGlNRVppZDJkT1JEWndWSFU1VVhCeFJVOUdiV1VyT1VSNGVGbGtPR3RTVEZCQlNqRlVlWE0wUjBoaVpYcGtiV2RvVjA4MVRtaHhUVEJUTmxaMVpDdDJkVGREWW5WcFNVbDRUMEkzU1Uxc1QwUkJXVEp4VVM5TE4wcGFiRGxYTVZwdVZVUkVNR1ZSYTJKT1dqaDVNRTQ0UVdKR05XVXdNaThyWmtrclZIaFhOSHA1VHpGaGRtaElja0ZxUlVSb1FUTllibmMyV2pOVlVWVlJXVEZxZW1sVFVrRXZjbkp6YXpRMVFrcFNibVJrVG1rM1QyOVZRVXhqV2pCblYzaEVUR3g1U0ZOWVRWcDNMelpTVml0clRISXlURVp6WlZsWlUxVm1hR0ZUYW5WRk4zRjRkV1JHTDNremNUWjJkR1ZuVGl0U1lYTjBhbWhqZEZCMVpVbEJSM2xEU2pSaGRrSTFSWEJUT0ZORlltZFZhMWhsUkVneWIzZDNjRkZFYlhSTGNIUnhaMnhKUW1kUldYbHFWV3M0VUd4eVRscFRabXB6YVRNMmJscFhUREp6ZDJoR1JWbFJSbVZuY0dkUVZ6UlFObEk0ZURWdkt6aHJRblZPZHpSVVZIRktkRGd2YVZjdlNEQmpjVFUxY2pGSmVqaHhNU3R6VFVob1RqTmljM0YwZG1OV1NteG5UazVXTVd4ckt5OUVkSFJCZEVWWWFIWnFUVFpXVWt4SGRFRTJZMnQwZEVGNmRHSTRNV3RyZEdzek9URjRNV0l3THpGUFNFSXZSalJIVFdSNVZGTXZTRXRtYmpSblFqSm5PRkZ6Tkd4d2NYSTFSWFpyVURkMWVXaFdRbUppVGtkV1VqVTJiMnhPYlhBM1RtRlhZbEZHYzIxaE9XYzBSRVV6ZG05NU5VWTRiR2RaUjJOMVJFUXlURE5YU3poVWREQlJaMWN5ZHpGaGQyUTJTbU5ZZERCTVJ6QnBaVFkyTjJaemVFaFBiRk5EZURoM1JqQXdSVTVaYkcxdk9ISjBXRkYwZG5Vdk1td3dhSEpPYmtWcmRuWk9SWGsyTms1V1NUZG9URXA0YzJ0SFRtaEdPVEZDVUVkVFNtb3lhRVE0YWsxWFlWUkdOMWt2TDFaQmRVNVdaRmcxYUdzd0wzWkhLMGczV1dGNVNuQjBkVVpFY3pCRVUyWXdMMHRTZGt0RmRYRTNWRlk0WjBJclNEWkVVa05qV0doUllVSkpSSEZ2ZVhwV2F6ZHVUVFZhZFhoMVVsTTFlbTU1YzNoREwwSnFVbkpXY1M4NVRFWTROVUZoV2taM1VIVm9SbHAzVUdkeGJDdE5Xamt4YzBjdlNVYzFhbHB3YmtoNFNrMUZkRzkwUTFaeGExUk9PV2R5UVdKeGNqaFVNaTloVTNCbE1rSk1VRk5OWjJoS1ZEQTNWR1Z3VFc1VldHRkVNMk40Wm05QlpXUkRjVVpGVldST1ZYSnNjWEZTTHpGVVVGbHlRMUk1WjNoWk5rUXJkRmt5SzJSaVFVdzVTRWxhWXpONVVsVm9VV2RrY1hkcVMzcDZWMncyYURGeGRHb3pOM1ZtY1dGVksxSnRhbXhPZG5kbE1uaHFSR1pQUm1KdVdUbE5aVEJ1TUc1R1VGZEZWRTVQTkVSU1RuVTVNMHhqWm1Nd1NXSjNLM3BuV1hsWVYzUnVOSE53ZFVkb1VqRldlVlZoY1ZCdmMxZ3dlVlJoY210dVptWlZhMHMxVG0xR01sWXJNM1JOYmxoVU5uVlRTa2x3Umt4VlJHYzNNSEJ2TjJkV1JsaHliemRGUkRjNVFuRjRSVmx6VVRSTlkwTlZjeXQwYmpCaGN6TlhNbEZyU1ZseWVGZFRUMFJoYWxGclZYcGFSWGxCWjBvNVJXcHFVbXhqTkZKUVJYVm5RU3RKZWs1QmVtaENkbFpEVldWdU9YVTBjakpCUzNSWVJqSXhZVVZSYTJRNFFXZ3JaMFJTVkhBM1RUSlhTRUpGVlc0M1IwSXdVbmxuY2xSd2FsWkxlRWt6Tm5SUEswSTNkRkU0V0ZwRVpHaENRbFozYmtKWU16a3pObVp2U0hkNVpVWXZURzluYTB0a1ExVmtVa05oYlhWTlduQjZkakJsTWs1WU9VdFFkV1JKYTIxaWEwTkVObGh2WjFaMU9VazJkSFoxTlhWbFZtTTVZVEZ6TjJsUFdteHVNMkoxTTBsaFZFMXhlV3hDYzNZM2MzRTNUVEo0VkRGVlYwcFFObUZRTUdwTWJ6WnlaWGRGWjJRMGJDOVJNaXMwUTBwU1oxaDNVMmhhWVRkSU5XaFhUM2R5U2pNemNGQm1iQzlhVERWclYybG1WRU14V1VaUlRXbExLMUZWVVdKNWJFeDVSM1l2T1Zwek1IVmFjRFppTlZoWU4wMW5UbE55T1dacVkyaDZUV3BoTUhoQ2VuazRVSGxSYTA5aWQxbHplR1paU2tadVdGVnZSMEpKVlV4WVFVMTRVbW95UmxadGFXTnBiR1ZYVkc1U1FVaFJMM1Z6T1ZWTWNHMUVkVVk0VFdsWWVYY3hSMFpsZFd0M2VYVmpTRXRUYUZGMVkzcE5ZUzh2TTJWcVRqWTJjMEUzWm5oSldFeGFLM1pVU2xZd00ycGhSM0E1ZDJWeVFsWnpiWFFyYmxKUk9HUkZUVEpLWTFsM1JGWk9iSGswU1dOaGVIQkRRa3RwUWxGRVRHVTBjVE4xYjBkeGFuazRkakZOZVhvMmRVVkdjazlIV0ZOUFZrNXdaV05IVURSWFZFVjZNMHA2YnpKSVQwWjRlVmxEYm5adGJ6QTJVME4yYm14U1dURmtOVWRKVVhwYVlYRndTME52TTNwUU4ycFpkeTlYV0RocVQyMTRSbkZNUVd0TVIxWnhVWGRPTWs5elNGRm9Oa1ZhTnpsYVozSnRPR0ZtUW10cWREQTFlbkIyUlZaa1ZVZFVXWFZhZURKRU9GZFpXVkUzVUVKNGFsbFZhV2RwUWxCcVdISmxMemgwZVdOdFFsSlFLelozV1V4SWRVSnhRak5OZGxGQ2JuSmFWMUpKU1ZoRVJIbHhMemQxVW0xMVN6TlpXSHBRZEhwQ1UyUXdPRlp0ZUdkYU9GcFphakpGVUZaRVdtTlRlbVpPZHpoUk4zUk9NWGRFVG5FclMwTmxMMWhKUTI4M2JFdFVSVmhaZUdKWllqWXdOamxzWlZZMGIzUmFiRVp6WTFkclEyMUhZMGs1WlVSYVMzSXpWQzk0VTFkTGJYZE9jRmMyTW0xTU1XVXhZMUZaTWxSbWNsUTRhRTl5VFRkQlRVUXdWRGgwT1hGellWaHRhRFF5Y1VWSlMyWk5SM0Y2TkhKdWFGWlJkSEZXZEVsa1QyeEpUV0ZITlROMlNIWlhUVzByVjFOdGFraHFhVlp0UkRkeWJ6bHZkR1JJT0dkNlFXNWtha2RPY1RWM0syOXZXR2d3TnpCWFNFTXJUalZzUTFCR1RIRnZTRVZ2UjNoUk1sUkNjMm96U1RWR05WZEtSazEyWTBWWVZYWkxNVEZzU25ONGVFaHNWbEpMYTI1VVRGcE5WMlJoWWpJMlpHSlZiVmxhZFV4MFIwWnBRV0V6VDNoMFRXcFJiWGw2TjA0emMwaERWSGxFTkhwclJWUnhUMU4xUVhWcWVWZ3djMDkxWm1OMGNqaE1SSGRpYldGblZXVXdaRU5pZG1Fdkt6VTNSVWRSUTB4b1duZFNZbkV4Tm5SdGVYWm1aVlJsWVRBdmRtdHFkRU52TjBkdWF6aEhWMGwyYlhnMWFGRkdNemR1V2l0VFkwTXdSa1ZNU1ZSemMwUlpObGx3V21NeFlrWjJiVTVqZW5aSVZERnNVWGN5T1U5eWRrZDFaekU1ZFZwdmVsaElTM2xRZGxaWWEweGxkbU5RVW14TmFYUjNjMnRZU0dSV1UyZzNWRUpSV2pNd05EUkRZVEJXVkd4MWJraERhbnBEUWt0SllrdHdWSFZOYXpoNFYyNVVRVkEzZUZGbFFWWTNjSEJxVm1GeU1rbzVNVE5wTjJkbFRFOTBObVJPTjJGSVdVWjRkM2hxY1RCSk5UWnNWbEJ2WTJ0UWNHMVNPRXBwVWlzeVJXaFRNWFYyWTAxTGMwMVlXa3ROVDNwWWJEbGlaMkl4WVZKQ01VRnlTWGx1WlVwVFVraHVMelpuUnpJMEwyRlVNbWhsYTBGaFEwbEdTa3RVTW0xYVJGZDFaSGx5TVc1NllrczRZMWxCYTBacmNrMDJPRFpsUjFJd1JHWkdXVWx6Ym5wV04yazVOV0ZqZW1ocE9XUlJLMHRSU2t0V1ZFSm1Oa2x1UjI1TlZVSnVVRkV6TWtWcE1rNVVVWFJuUkdOYUszTldUbXQyTDFZM0wxUm1RMGRTYTA4NGNGcFpOREowVVZwbmJpOHhTekIwZDBWTk56WXlZM0JQUmxabE5rVk1aVVpUTVdkMlNsSTRMMGhhU1ZOaFR6QjBla0ZYU0haSlNHSlBZVVkwTjB0dGVqVjFLMVJJU1VONmNUVkpZamMwUTBZclIzaHdUSFpMVEVSRVpuUXdRVEpEVERaQ2JuaDBPV1JQY2xSNkt6aGxSSG8yTWtaWE5UTnFLM1JGTW5SeE16ZElSRFYwYkRaTVdreGxVbk00ZVZoMmJUaEtTbmR1TmxGaVZHNVdRWFl4V25CTFNHbE5PWHBpVTBwd1dXRm9TMVo1UVd4MmEyWnhNa3BITVRZeWRYUmlSMXBxVmxBeFJISXlkR1kzVTNaS2JVaHJlbGxZUWxsQk5IUlRjR0poVnpsRU9FeFBlVlZKT0RsWmIxVTFVRkoyTkRoc2VYZDRPRlJ6Um1Vek1rTkVkakpXV0hObGVtSkpSRVlyT1dKTllWaHNhamh5WVVWWFdIVnVSMHhGYW1ZNFoxUXljbmhCU2l0c1FUWnpNa3RHUm5OR2NXcGtla1l6TVZkcWJUWlhVRk0zVVhwaGRWTkdSbkJtV2sxNmFuQlROVWd5UVROdGFIRk9jRnBQYkZsUE15dHlUbmN4WkZFNGNtZFpSbGhYYm1zMU55OXFibnBLZDNkUFkxVjVUa1l3U0RNdllreGxZamhGUW1WWlRFSmlTMGwzYjBaMldHRmtVR1Z5VEV0b2FGRmpNVFJVU25wb2RuSTNkRlZFYTJGR2FHczNhWHBISzJsaFlqRk9UbkE1U0d0eFJrWXhjM2hFY1dKWGRUTXlRbWRQTVhaSVlWRmtiakUxWWxkS2RGWTBNMGhUUTFJMU5sazJXbHBzVG5scUswUlpkR1kwVW1ncmVYaEhSVGhNTVVOU2RGUk9UVUl4TkVGdkwzb3ZhRmswYVU1cGJVZGlWVlJyWjNwVmNWRmxNVmgzWjFSelZWRlRORkV2V1VkYVkxazNZM0F3WldNdlYxTmhUR1ZJSzAxTlVEVkdNU3MzWW01R2NrSnhibTlRT0cxRVluYzVWV2RvZFhJNE0zZFFkVFJ2Y0dkcGMybFpWR0o1YUdnelJHVlVjbEpCWmtacFJEUm1ZVGhwUlhoSE4xZHFWaXRXTlRWR1VrUldaamROYlZSYVJYVndOSEUwYUhWSFF6STNkMnQ1ZUd0TlltbENTR3hZYms0Mll6bHlkbUZISzJGU2J5dFhVVEZWWkRCVlZETjNUa2t6ZGxoM1dtaGFZMU5oTkU1WGIyZzJOMkV5ZG5KbVJGQk5OMnBUYUM4eGNUa3pkbk5pV1dKQ0wwWXdTRVZtT1V4MGJYSlpRMHhXYm5kV1IwTkliMGRQVDJoblpTdHROSHBQUmxWMU9GVndMM2x2TmtOemJXOXZiM2xMYW1obVFXMDRSWFJvTDNscFprTTFZelJwZVc5QlYwRlJjMVZzYzB0UEszb3hUalpwYm5kVGNpOUNaVEZvVlRKR0wzQnRNMUY2YkVoT1VsQjRZVlJuWld4WGNXeGxhVFIyVTJRMU5sZElXa1Z4ZVV4aFZWQldhVFpyTDNGQ05GUnRZbmhxTW1oUE1GaHJXR2t3VGxKUlJFaDZjM1o2WjFoeGFGaEpMMjVoWWtWR1JVTmxiRUl4VFV4T2VGb3pjSEpDY1dsMFlqUTVSakJ1VEU5blRtWkVOblJvTjBodlZVRjFiV2hhWW1SeVdscDZTMkZQUms0MFdYUXdlbXRYTHpOSmNITlNjMk5HSzFwV1l6VXdabGRQUW1vdlZreHdZMWhMT1hWaGVDOTBabGxhVWtKRk9IWldaMWxzT1ZKa1kzRlBVR1JTYUZsUFFYbEpNSE5zZEZodFVWcElSM1owU1dOeGMyMXJaelV4SzIxdlZrTkZVbFpUY1RGelJXNXdWRWwzVlRGVVZEbFpURTFhV1hKNVduSllNRXhpUVROWFV6WXhkbXREU1VwcmFFWklXRk0xTVRCeFZWcEZkM1ozV1dGcWVFRmlPSGhEZVU5RVdWVTJNWG8yWjBFeFRFVlhXR2hvVVZReWRrMXdlR3N2YzBvek4zWXdibmhHTWs1emQxZFJRbXhLUjJsdlNsTlJNbWRUYkZkaVQzUm5VRWc0VEdKM05YVm1Zbk5TYkRCb1RGTmxhRVJqVFROekwxVkZUeTlNT0c1U1pscFFVems0YmtGcmMzRnBVakY2UmpkbFYweHBXVzkzZVU5aFpWSnlNbEI2U0dodlRFcFZOWHBsSzBOTFVFZGhORlFyZGxkUlVESlFabHA2VFZsVWR6TTRlRVk0T1RkSE4wbENNako0TDBWRmFrNXBiamR0ZFhab1Z6bE9iVk12Tm5sSlkySlRTRkpTVEdsdk5IUm5UalpXYlZGQk4yUkdhR1JpUlhZelQzZFpaSHBwTDJGdmFWZFRORkE0TUVaRmFHUmlaR2x6U1RCb2RtUlBaMEZrVjNsc01qVnpVWE5aWTNZM1VHMXJXbE40V1VGM2RGbHhValJ0YzJsS2ExbHFObmxIYzBOeGRGQmlObXh6U2pKWFREZ3dOMDk1TVhWQlJXOTRSbXRIVmt4M1JWcFhiVkZ5T1VORU9FaFFhQ3R4YnpGdVkySmtWa0kzUVN0allVRlNPSFZ6ZWxsSVR6bHplRlk1TlhSM0szZDNkbmRTVlhveVFVeHJibGx1U25sRlpWbHhNWGM0V0hGdGRXRlpSMEZPWnpSalZDdDBSR2hQVVdWaVF5OVJWbUV3YkZsc0szSTVOamhXZFRadGVVTXdPVlYwV1U4dmVrWktaQzh2V1RaQlkzZ3lWV3RWT1VWU1ZGRkNaSEJ1TkhvMksyMXlRa3h3VjI5VGRtYzFaVmhKYlZGb2FtVjFjRk5CTlhCeE0yWlNOVXBqV2poclUydHNORkJHVnpjNUx6UlhSVE1yWVhCdGIzbHhTa2h0U3l0UE5GSk1iVzlsUzFWNEt6bG1kejA5SWl3aWJXRmpJam9pTkRJNU5qQTVNR000WVdRNE1qVXhaVEl3WkdaaVltSXhabUppTURkaFlqYzNNVFl3T1Rsak1UUXlNVFE0WTJabVlqTTNaalk0T1dNMU1EWm1OekZtTVNJc0luUmhaeUk2SWlKOQ==', 1756036780);

INSERT INTO `static_pages` (`id`, `page_name`, `route_name`, `title`, `meta_description`, `meta_keywords`, `og_title`, `og_description`, `og_image`, `og_type`, `og_url`, `og_site_name`, `twitter_card`, `twitter_title`, `twitter_description`, `twitter_image`, `twitter_site`, `twitter_creator`, `canonical_url`, `schema_markup`, `is_active`, `priority`, `change_frequency`, `created_at`, `updated_at`) VALUES
(1, 'home', 'home', 'Vienhance Studio - Professional Web Design & Development Services', 'Vienhance Studio offers professional web design, development, and digital marketing services. We create stunning, responsive websites that drive results for your business.', 'web design, web development, digital marketing, responsive design, SEO, Laravel, PHP, modern websites', 'Vienhance Studio - Professional Web Design & Development', 'Transform your business with our professional web design and development services. We create stunning, responsive websites that drive results.', '/images/logo.svg', 'website', 'https://vienhancestudio.com', 'Vienhance Studio', 'summary_large_image', 'Vienhance Studio - Professional Web Design & Development', 'Transform your business with our professional web design and development services. We create stunning, responsive websites that drive results.', '/images/logo.svg', '@vienhancestudio', '@vienhancestudio', 'https://vienhancestudio.com', '{\"@context\":\"https:\\/\\/schema.org\",\"@type\":\"Organization\",\"name\":\"Vienhance Studio\",\"url\":\"https:\\/\\/vienhancestudio.com\",\"logo\":\"https:\\/\\/vienhancestudio.com\\/images\\/logo.svg\",\"description\":\"Professional web design and development services\",\"sameAs\":[\"https:\\/\\/twitter.com\\/vienhancestudio\",\"https:\\/\\/facebook.com\\/vienhancestudio\",\"https:\\/\\/linkedin.com\\/company\\/vienhancestudio\"]}', 1, 1, 'weekly', '2025-08-17 17:18:39', '2025-08-17 17:18:39'),
(2, 'about', 'about', 'About Us - Vienhance Studio | Our Story & Mission', 'Learn about Vienhance Studio\'s journey, our team of experts, and our mission to deliver exceptional web design and development solutions.', 'about us, web design company, development team, digital agency, our story, mission', 'About Vienhance Studio - Our Story & Mission', 'Discover our journey and mission to deliver exceptional web design and development solutions that transform businesses.', '/images/about-img.jpg', 'website', 'https://vienhancestudio.com/about', 'Vienhance Studio', 'summary_large_image', 'About Vienhance Studio - Our Story & Mission', 'Discover our journey and mission to deliver exceptional web design and development solutions that transform businesses.', '/images/about-img.jpg', '@vienhancestudio', '@vienhancestudio', 'https://vienhancestudio.com/about', '{\"@context\":\"https:\\/\\/schema.org\",\"@type\":\"AboutPage\",\"name\":\"About Vienhance Studio\",\"description\":\"Learn about our journey and mission to deliver exceptional web design and development solutions.\",\"url\":\"https:\\/\\/vienhancestudio.com\\/about\"}', 1, 1, 'monthly', '2025-08-17 17:18:39', '2025-08-17 17:18:39'),
(3, 'services', 'services', 'Our Services - Web Design, Development & Digital Marketing | Vienhance Studio', 'Explore our comprehensive range of digital services including web design, development, SEO, and digital marketing solutions tailored for your business.', 'web design services, web development, SEO services, digital marketing, e-commerce, custom websites', 'Our Services - Web Design, Development & Digital Marketing', 'Comprehensive digital services including web design, development, SEO, and digital marketing solutions for your business.', '/images/service-image-1.jpg', 'website', 'https://vienhancestudio.com/services', 'Vienhance Studio', 'summary_large_image', 'Our Services - Web Design, Development & Digital Marketing', 'Comprehensive digital services including web design, development, SEO, and digital marketing solutions for your business.', '/images/service-image-1.jpg', '@vienhancestudio', '@vienhancestudio', 'https://vienhancestudio.com/services', '{\"@context\":\"https:\\/\\/schema.org\",\"@type\":\"Service\",\"name\":\"Web Design and Development Services\",\"description\":\"Comprehensive digital services including web design, development, SEO, and digital marketing solutions.\",\"provider\":{\"@type\":\"Organization\",\"name\":\"Vienhance Studio\"},\"areaServed\":\"Worldwide\",\"url\":\"https:\\/\\/vienhancestudio.com\\/services\"}', 1, 1, 'weekly', '2025-08-17 17:18:39', '2025-08-17 17:18:39'),
(4, 'portfolio', 'portfolio', 'Our Portfolio - Web Design & Development Projects | Vienhance Studio', 'Browse our impressive portfolio of web design and development projects. See how we\'ve helped businesses achieve their digital goals.', 'portfolio, web design projects, development projects, case studies, client work, examples', 'Our Portfolio - Web Design & Development Projects', 'Browse our impressive portfolio of web design and development projects. See how we\'ve helped businesses achieve their digital goals.', '/images/work-image-1.jpg', 'website', 'https://vienhancestudio.com/portfolio', 'Vienhance Studio', 'summary_large_image', 'Our Portfolio - Web Design & Development Projects', 'Browse our impressive portfolio of web design and development projects. See how we\'ve helped businesses achieve their digital goals.', '/images/work-image-1.jpg', '@vienhancestudio', '@vienhancestudio', 'https://vienhancestudio.com/portfolio', '{\"@context\":\"https:\\/\\/schema.org\",\"@type\":\"CreativeWork\",\"name\":\"Portfolio\",\"description\":\"Our collection of web design and development projects\",\"creator\":{\"@type\":\"Organization\",\"name\":\"Vienhance Studio\"},\"url\":\"https:\\/\\/vienhancestudio.com\\/portfolio\"}', 1, 1, 'weekly', '2025-08-17 17:18:39', '2025-08-17 17:18:39'),
(5, 'contact', 'contact', 'Contact Us - Get In Touch | Vienhance Studio', 'Ready to start your project? Contact Vienhance Studio today. We\'re here to discuss your web design and development needs.', 'contact us, get quote, web design quote, development services, consultation', 'Contact Us - Get In Touch | Vienhance Studio', 'Ready to start your project? Contact us today to discuss your web design and development needs.', '/images/contact-circle.png', 'website', 'https://vienhancestudio.com/contact', 'Vienhance Studio', 'summary_large_image', 'Contact Us - Get In Touch | Vienhance Studio', 'Ready to start your project? Contact us today to discuss your web design and development needs.', '/images/contact-circle.png', '@vienhancestudio', '@vienhancestudio', 'https://vienhancestudio.com/contact', '{\"@context\":\"https:\\/\\/schema.org\",\"@type\":\"ContactPage\",\"name\":\"Contact Vienhance Studio\",\"description\":\"Get in touch with us to discuss your web design and development needs\",\"url\":\"https:\\/\\/vienhancestudio.com\\/contact\",\"mainEntity\":{\"@type\":\"Organization\",\"name\":\"Vienhance Studio\",\"contactPoint\":{\"@type\":\"ContactPoint\",\"contactType\":\"customer service\",\"availableLanguage\":\"English\"}}}', 1, 1, 'monthly', '2025-08-17 17:18:39', '2025-08-17 17:18:39');

INSERT INTO `users` (`id`, `name`, `email`, `email_verified_at`, `password`, `remember_token`, `created_at`, `updated_at`) VALUES
(1, 'Test User', 'test@example.com', '2025-08-17 15:02:47', '$2y$12$A9o8jswcIrEYA2b9xiUaMeOAlICIN8z8/CHtlq/jbt4b6rx0VFgIe', 'WuuE6TU1vJ', '2025-08-17 15:02:48', '2025-08-17 15:02:48'),
(3, 'Aditya NS', 'adityanamansingh@gmail.com', NULL, '$2y$12$Zm6Ei2YVtCwbDqVu.nSQQOlEco1T3gPyRL.B8opIqFGGtbCm/Xi/y', NULL, '2025-08-18 13:52:50', '2025-08-18 13:52:50');



/*!40101 SET SQL_MODE=@OLD_SQL_MODE */;
/*!40014 SET FOREIGN_KEY_CHECKS=@OLD_FOREIGN_KEY_CHECKS */;
/*!40014 SET UNIQUE_CHECKS=@OLD_UNIQUE_CHECKS */;
/*!40101 SET CHARACTER_SET_CLIENT=@OLD_CHARACTER_SET_CLIENT */;
/*!40101 SET CHARACTER_SET_RESULTS=@OLD_CHARACTER_SET_RESULTS */;
/*!40101 SET COLLATION_CONNECTION=@OLD_COLLATION_CONNECTION */;
/*!40111 SET SQL_NOTES=@OLD_SQL_NOTES */;